廟名,地址,縣市,鄉鎮市區,登記名稱,主祀神尊稱,宗教別,建立年份,緯度,經度,廟宇代碼,資料來源網址
受奉宮,南投縣埔里鎮福興里福興路2鄰258號,南投縣,埔里鎮,受奉宮,玄天上帝,道,,24.007478,120.969875,0802025-SFG,https://trfc.tw/temples/NantouCounty/puli/0802025-SFG
同修堂,南投縣埔里鎮北門里北環路90號,南投縣,埔里鎮,同修堂,北極玄天上帝,道,,23.96765,120.971007,0802001-TXT,https://trfc.tw/temples/NantouCounty/puli/0802001-TXT
天帝宮,南投縣埔里鎮南村1巷8之1號,南投縣,埔里鎮,天帝宮,玄天上帝,道,,23.958168,120.937438,0802015-TDG,https://trfc.tw/temples/NantouCounty/puli/0802015-TDG
懷惇宮,南投縣埔里鎮大城路262號,南投縣,埔里鎮,懷惇宮,玄天上帝,道,,23.97172,120.95339,0802008-HDG,https://trfc.tw/temples/NantouCounty/puli/0802008-HDG
珠龍宮善化堂,南投縣埔里鎮珠生路29號,南投縣,埔里鎮,珠龍宮善化堂,玄天上帝,道,,23.947857,120.95517,0802014-ZLGSHT,https://trfc.tw/temples/NantouCounty/puli/0802014-ZLGSHT
福同宮,南投縣埔里鎮桃米里4鄰桃米巷40號,南投縣,埔里鎮,福同宮,玄天上帝,道,,23.943514,120.924522,0802015-FTG,https://trfc.tw/temples/NantouCounty/puli/0802015-FTG
受鎮宮,南投縣埔里鎮西安路3段88號,南投縣,埔里鎮,受鎮宮,玄天上帝,道,,24.027461,120.94039,0802023-SZG,https://trfc.tw/temples/NantouCounty/puli/0802023-SZG
八二宮,南投縣南投市漳和里南崗二路199巷7弄3號,南投縣,南投市,八二宮,玄天上帝,道,,23.914897,120.677155,0801009-BEG,https://trfc.tw/temples/NantouCounty/nantou/0801009-BEG
受命宮,南投縣南投市鳳鳴里八卦路870巷29號,南投縣,南投市,受命宮,玄天上帝,道,,23.923578,120.637368,0801021-SMG,https://trfc.tw/temples/NantouCounty/nantou/0801021-SMG
三玄宮,南投縣南投市吉利路126號,南投縣,南投市,三玄宮,北極玄天上帝,道,,23.940301,120.654889,0801026-SXG,https://trfc.tw/temples/NantouCounty/nantou/0801026-SXG
永豐宮,南投縣南投市彰南路3段646巷13號,南投縣,南投市,永豐宮,玄天上帝,道,,23.883507,120.691263,0801017-YFG,https://trfc.tw/temples/NantouCounty/nantou/0801017-YFG
永興宮,南投縣南投市八卦路51號,南投縣,南投市,永興宮,玄天上帝,道,,23.893109,120.637991,0801019-YXG,https://trfc.tw/temples/NantouCounty/nantou/0801019-YXG
興和武當宮,南投縣南投市漳和里興和巷232號,南投縣,南投市,興和武當宮,玄天上帝,道,,23.913262,120.677839,0801009-XHWDG,https://trfc.tw/temples/NantouCounty/nantou/0801009-XHWDG
天明宮,南投縣南投市大庄路305巷12號,南投縣,南投市,天明宮,玄天上帝,道,,23.902027,120.684373,0801018-TMG,https://trfc.tw/temples/NantouCounty/nantou/0801018-TMG
鳳天宮,南投縣南投市鳳鳴路6號,南投縣,南投市,鳳天宮,玄天上帝,道,,23.928642,120.636708,0801021-FTG,https://trfc.tw/temples/NantouCounty/nantou/0801021-FTG
乾龍宮,南投縣南投市軍功路11號,南投縣,南投市,乾龍宮,玄天上帝,道,,23.92073,120.696953,0801010-GLG,https://trfc.tw/temples/NantouCounty/nantou/0801010-GLG
准天宮,南投縣南投市漳和里興和巷136號,南投縣,南投市,准天宮,玄天上帝,道,,23.913262,120.677839,0801009-ZTG,https://trfc.tw/temples/NantouCounty/nantou/0801009-ZTG
聖玄宮,南投縣草屯鎮稻香路40之10號,南投縣,草屯鎮,聖玄宮,玄天上帝,道,,23.999684,120.68225,0803008-SXG,https://trfc.tw/temples/NantouCounty/tazutuen/0803008-SXG
紫微宮,南投縣草屯鎮草溪路214號,南投縣,草屯鎮,紫微宮,玄天上帝,道,,23.965731,120.677,0803012-ZWG,https://trfc.tw/temples/NantouCounty/tazutuen/0803012-ZWG
護天宮,南投縣竹山鎮延正路70號,南投縣,竹山鎮,護天宮,玄天上帝,道,,23.772964,120.697876,0804012-HTG,https://trfc.tw/temples/NantouCounty/jushan/0804012-HTG
興天宮,南投縣竹山鎮中正巷22號,南投縣,竹山鎮,興天宮,玄天上帝,道,,23.755886,120.696698,0804012-XTG,https://trfc.tw/temples/NantouCounty/jushan/0804012-XTG
相天宮,南投縣竹山鎮沉潭巷10之2號,南投縣,竹山鎮,相天宮,玄天上帝,道,,23.750933,120.669413,0804008-XTG,https://trfc.tw/temples/NantouCounty/jushan/0804008-XTG
北天宮,南投縣竹山鎮山崇巷24號,南投縣,竹山鎮,北天宮,玄天上帝,道,,23.804161,120.716738,0804015-BTG,https://trfc.tw/temples/NantouCounty/jushan/0804015-BTG
奉天宮,南投縣竹山鎮集山路1段1731巷2號,南投縣,竹山鎮,奉天宮,玄天上帝,道,,23.765881,120.704939,0804011-FTG,https://trfc.tw/temples/NantouCounty/jushan/0804011-FTG
靈天宮,南投縣竹山鎮集山路1段1236巷5號,南投縣,竹山鎮,靈天宮,玄天上帝,道,,23.765983,120.704722,0804011-LTG,https://trfc.tw/temples/NantouCounty/jushan/0804011-LTG
天德宮,南投縣中寮鄉義和村永平路500號,南投縣,中寮鄉,天德宮,玄天上帝,道,,23.894111,120.718733,0808011-TDG,https://trfc.tw/temples/NantouCounty/jungliau/0808011-TDG
永盛宮,南投縣中寮鄉永平路335號,南投縣,中寮鄉,永盛宮,真武大帝,道,,23.885293,120.744617,0808010-YCG,https://trfc.tw/temples/NantouCounty/jungliau/0808010-YCG
玄武宮,南投縣中寮鄉永芳村龍南路280號,南投縣,中寮鄉,玄武宮,玄天上帝,道,,23.931798,120.749971,0808017-XWG,https://trfc.tw/temples/NantouCounty/jungliau/0808017-XWG
玄武宮,南投縣中寮鄉永平路404號,南投縣,中寮鄉,玄武宮,真武大帝,道,,23.893165,120.720795,0808011-XWG,https://trfc.tw/temples/NantouCounty/jungliau/0808011-XWG
武龍宮,南投縣中寮鄉龍岩村龍草路15之3號,南投縣,中寮鄉,武龍宮,真武大帝,道,,23.946485,120.756627,0808014-WLG,https://trfc.tw/temples/NantouCounty/jungliau/0808014-WLG
受吉宮,南投縣魚池鄉新城村香茶巷6號,南投縣,魚池鄉,受吉宮,玄天上帝,道,,23.924733,120.937573,0809004-SJG,https://trfc.tw/temples/NantouCounty/yuchr/0809004-SJG
龍德宮,南投縣魚池鄉共和村碧山巷3之5號,南投縣,魚池鄉,龍德宮,玄天上帝,道,,23.914335,120.970744,0809007-LDG,https://trfc.tw/temples/NantouCounty/yuchr/0809007-LDG
金天宮,南投縣魚池鄉大雁村大雁巷41號,南投縣,魚池鄉,金天宮,玄天上帝,道,,23.923585,120.917348,0809008-JTG,https://trfc.tw/temples/NantouCounty/yuchr/0809008-JTG
靈山宮,南投縣魚池鄉大雁村山楂腳巷18號,南投縣,魚池鄉,靈山宮,玄天上帝,道,,23.911655,120.912859,0809008-LSG,https://trfc.tw/temples/NantouCounty/yuchr/0809008-LSG
北玄宮,南投縣國姓鄉福龜村富九巷22之1號,南投縣,國姓鄉,北玄宮,北極玄天真武上帝,道,,24.006628,120.832666,0810009-BXG,https://trfc.tw/temples/NantouCounty/guoshing/0810009-BXG
受聖宮,南投縣國姓鄉長福村大長路144號,南投縣,國姓鄉,受聖宮,真武大帝,道,,24.088187,120.885411,0810006-SSG,https://trfc.tw/temples/NantouCounty/guoshing/0810006-SSG
代天宮,南投縣名間鄉新民村外埔巷2-1號,南投縣,名間鄉,代天宮,真武大帝,道,,23.819451,120.693808,0806006-DTG,https://trfc.tw/temples/NantouCounty/minjian/0806006-DTG
北天宮,南投縣名間鄉赤水村南田路312號,南投縣,名間鄉,北天宮,北極玄天上帝,道,,23.857071,120.628695,0806015-BTG,https://trfc.tw/temples/NantouCounty/minjian/0806015-BTG
大興宮,南投縣名間鄉中山村湳埔巷17號,南投縣,名間鄉,大興宮,玄天上帝,道,,23.838005,120.680348,0806003-DXG,https://trfc.tw/temples/NantouCounty/minjian/0806003-DXG
受天宮,南投縣名間鄉松山村松山街118號,南投縣,名間鄉,受天宮,北極玄天上帝,道,,23.831916,120.630927,0806017-STG,https://trfc.tw/temples/NantouCounty/minjian/0806017-STG
南天宮,南投縣水里鄉玉峰村萬壽巷18號,南投縣,水里鄉,南天宮,玄天上帝,道,,23.804283,120.837191,0811017-NTG,https://trfc.tw/temples/NantouCounty/shueili/0811017-NTG
受興宮,南投縣水里鄉水里村山頂巷75號,南投縣,水里鄉,受興宮,玄天上帝,道,,23.828174,120.85383,0811001-SXG,https://trfc.tw/temples/NantouCounty/shueili/0811001-SXG
龍泉宮,南投縣集集鎮田寮巷13號,南投縣,集集鎮,龍泉宮,玄天上帝,道,,23.83284,120.750934,0805004-LQG,https://trfc.tw/temples/NantouCounty/jiji/0805004-LQG
永昌宮,南投縣集集鎮永昌里文心街206號,南投縣,集集鎮,永昌宮,玄天上帝,道,,23.829448,120.796277,0805008-YCG,https://trfc.tw/temples/NantouCounty/jiji/0805008-YCG
武昌宮,南投縣集集鎮八張里八張街181號,南投縣,集集鎮,武昌宮,玄天上帝,道,,23.83079676,120.7925803,0805008-WCG,https://trfc.tw/temples/NantouCounty/jiji/0805008-WCG
武聖廟,南投縣鹿谷鄉秀峰村鳳鵬巷28號,南投縣,鹿谷鄉,武聖廟,玄天上帝,道,,23.773097,120.783242,0807011-WSM,https://trfc.tw/temples/NantouCounty/lugu/0807011-WSM
受生宮,南投縣信義鄉神木村民和巷71號,南投縣,信義鄉,受生宮,玄天上帝,道,,23.533018,120.855302,0812010-SSG,https://trfc.tw/temples/NantouCounty/shinyi/0812010-SSG
祖師廟,南投縣中寮鄉八仙村永樂路30-6號,南投縣,中寮鄉,,真武大帝,道教,,23.88025093,120.7726974,,
三山宮,南投縣南投市龍泉里公園街79號,南投縣,南投市,,玄天上帝,道教,,23.90845871,120.6888046,,
肇武宮,南投縣南投市新興路68巷3號,南投縣,南投市,,玄天上帝,道教,,23.9295311,120.7022324,,
順天宮,南投縣名間鄉萬丹村新丹巷28之2號,南投縣,名間鄉,,真武大帝,道教,,23.87945366,120.7075882,,
收圓國姓廣玄宮,南投縣國姓鄉長福村大長路241號,南投縣,國姓鄉,,北極玄天上帝,道教,,24.07939148,120.8830566,,
集仙宮,南投縣草屯鎮北投里史館路集仙巷17弄16號,南投縣,草屯鎮,,玄天上帝,道教,,23.98763084,120.6624985,,
龍武宮,南投縣集集鎮隘寮里共和巷13號,南投縣,集集鎮,,玄天上帝,道教,,23.83317375,120.7377167,,
永安宮,南投縣草屯鎮土城里中正路177-3號,南投縣,草屯鎮,,玄天上帝,道教,,23.983746,120.745352,,
財團法人嘉義市龍安宮,嘉義市信義路58號,嘉義市,西區,財團法人嘉義市龍安宮,玄天上帝,道,,23.474383,120.434097,2002017-LAG,http://188.166.188.237:8201/crgis/temples/ChiayiCity/west/2002017-LAG
上帝廟,嘉義市林森里忠孝路348號,嘉義市,東區,上帝廟,玄天上帝,道,1948,23.48925099,120.453363,2001004-SDM,https://trfc.tw/temples/ChiayiCity/east/2001004-SDM
嘉邑震安宮,嘉義市過溝里民族路414號,嘉義市,東區,嘉邑震安宮,玄天上帝,道,,23.47622501,120.451046,2001014-JYZAG,https://trfc.tw/temples/ChiayiCity/east/2001014-JYZAG
嘉邑真武宮,嘉義市新店里林森東路364巷6號,嘉義市,東區,真武宮,玄天上帝,道,1900,23.489556,120.467241,2001035-ZWG,https://trfc.tw/temples/ChiayiCity/east/2001035-ZWG
福山宮,嘉義市蘭潭里立德街96號,嘉義市,東區,福山宮,玄天上帝,道,1909,23.47449699,120.468559,2001044-FSG,https://trfc.tw/temples/ChiayiCity/east/2001044-FSG
玄武宮,嘉義市豐年里崇文街119巷13號,嘉義市,東區,玄武宮,玄天上帝,道,1964,23.47134398,120.453056,2001048-XWG,https://trfc.tw/temples/ChiayiCity/east/2001048-XWG
紫微宮,嘉義市西區大溪厝593號,嘉義市,西區,紫微宮,玄天上帝,道,,23.48070396,120.403136,2002015-ZWG,https://trfc.tw/temples/ChiayiCity/west/2002015-ZWG
國邑武當山真武廟,嘉義市泰瑞一街59號,嘉義市,西區,國邑武當山真武廟,玄天上帝,道,1974,23.483444,120.425885,2002016-GYWDSZWM,https://trfc.tw/temples/ChiayiCity/west/2002016-GYWDSZWM
太極宮,嘉義市育人路165巷48號,嘉義市,西區,太極宮,玄天上帝,道,,23.47177597,120.416913,2002020-TJG,https://trfc.tw/temples/ChiayiCity/west/2002020-TJG
彰武宮,嘉義市育人路611號,嘉義市,西區,彰武宮,玄天上帝,道,,23.47375201,120.406801,2002020-ZWG,https://trfc.tw/temples/ChiayiCity/west/2002020-ZWG
財團法人台灣省嘉義市真武宮,嘉義市頭港里玉山路1013號,嘉義市,西區,財團法人台灣省嘉義市真武宮,玄天上帝,道,1797,23.46807403,120.405828,2002021-ZWG,https://trfc.tw/temples/ChiayiCity/west/2002021-ZWG
伏魔北威宮,嘉義市西門街102號,嘉義市,西區,伏魔北威宮,玄天上帝,道,1978,23.47464603,120.44355,2002031-FMBWG,https://trfc.tw/temples/ChiayiCity/west/2002031-FMBWG
上帝廟,嘉義市民生南路840號,嘉義市,西區,上帝廟,玄天上帝,道,,23.45401498,120.440823,2002053-SDM,https://trfc.tw/temples/ChiayiCity/west/2002053-SDM
武當山玄天上帝廟,嘉義市新民路555巷8號,嘉義市,西區,武當山玄天上帝廟,玄天上帝,道,1815,23.46058899,120.439977,2002053-WDSXTSDM,https://trfc.tw/temples/ChiayiCity/west/2002053-WDSXTSDM
大明殿,嘉義縣民雄鄉東榮村2鄰中庄19之1號,嘉義縣,民雄鄉,大明殿,玄天上帝,道,1940,23.55647302,120.434926,1005001-DMD,https://trfc.tw/temples/ChiayiCounty/minshiung/1005001-DMD
玄明宮,嘉義縣民雄鄉頂崙村11鄰1之2號,嘉義縣,民雄鄉,玄明宮,玄天上帝,道,1975,23.57045504,120.443485,1005007-XMG,https://trfc.tw/temples/ChiayiCounty/minshiung/1005007-XMG
番仔溝玄武宮,嘉義縣民雄鄉平和村6鄰番仔溝13之1號,嘉義縣,民雄鄉,玄武宮,玄天上帝,道,1975,23.534727,120.38682,1005010-XWG,https://trfc.tw/temples/ChiayiCounty/minshiung/1005010-XWG
溪底廍壽天宮,嘉義縣民雄鄉三興村8鄰溪底廍6號,嘉義縣,民雄鄉,壽天宮,玄天上帝,道,1968,23.57065796,120.477542,1005013-STG,https://trfc.tw/temples/ChiayiCounty/minshiung/1005013-STG
葉仔寮上帝爺廟,嘉義縣民雄鄉東興村5鄰葉子寮44號,嘉義縣,民雄鄉,上帝爺廟,玄天上帝,道,1821,23.56346997,120.496915,1005014-SDYM,https://trfc.tw/temples/ChiayiCounty/minshiung/1005014-SDYM
廣興宮,嘉義縣民雄鄉福興村6鄰牛稠溪60號,嘉義縣,民雄鄉,廣興宮,玄天上帝,道,1856,23.51067798,120.426477,1005018-GXG,https://trfc.tw/temples/ChiayiCounty/minshiung/1005018-GXG
玄德宮,嘉義縣民雄鄉文隆村10鄰鴨母坔47號,嘉義縣,民雄鄉,玄德宮,玄天上帝,道,1661,23.53767199,120.420419,1005019-XDG,https://trfc.tw/temples/ChiayiCounty/minshiung/1005019-XDG
北天宮,嘉義縣民雄鄉大崎村8鄰內埔仔28之2號,嘉義縣,民雄鄉,北天宮,玄天上帝,道,1981,23.52347698,120.490569,1005024-BTG,https://trfc.tw/temples/ChiayiCounty/minshiung/1005024-BTG
十四甲鎮安宮,嘉義縣民雄鄉大崎村10鄰14甲22號,嘉義縣,民雄鄉,鎮安宮,玄天上帝,道,1816,23.50805604,120.4657,1005024-ZAG,https://trfc.tw/temples/ChiayiCounty/minshiung/1005024-ZAG
普安宮,嘉義縣民雄鄉秀林村4鄰林子尾41號,嘉義縣,民雄鄉,普安宮,玄天上帝,道,1796,23.51400904,120.477587,1005025-PAG,https://trfc.tw/temples/ChiayiCounty/minshiung/1005025-PAG
溪龍宮,嘉義縣民雄鄉秀林村13鄰溪底寮5號,嘉義縣,民雄鄉,溪龍宮,玄天上帝,道,1982,23.50589703,120.467792,1005025-XLG,https://trfc.tw/temples/ChiayiCounty/minshiung/1005025-XLG
松子腳上升宮,嘉義縣民雄鄉松山村4鄰松子腳43號,嘉義縣,民雄鄉,上升宮,玄天上帝,道,1845,23.53979303,120.475714,1005026-SSG,https://trfc.tw/temples/ChiayiCounty/minshiung/1005026-SSG
南天宮,嘉義縣水上鄉塗溝村7鄰下塗溝47之1號,嘉義縣,水上鄉,南天宮,玄天上帝,道,1983,23.45789869,120.3629353,1012005-NTG,https://trfc.tw/temples/ChiayiCounty/shueishang/1012005-NTG
星拱殿,嘉義縣水上鄉下寮村3鄰鴿溪寮24號,嘉義縣,水上鄉,星拱殿,玄天上帝,道,1805,23.45644066,120.4196233,1012007-XGD,https://trfc.tw/temples/ChiayiCounty/shueishang/1012007-XGD
武忠宮,嘉義縣水上鄉忠和村3鄰檳榔樹角17號,嘉義縣,水上鄉,武忠宮,玄天上帝,道,1858,23.42595969,120.4443033,1012020-WZG,https://trfc.tw/temples/ChiayiCounty/shueishang/1012020-WZG
永順宮,嘉義縣水上鄉國姓村三界埔8鄰45號,嘉義縣,水上鄉,永順宮,玄天上帝,道,1690,23.43280469,120.4785533,1012024-YSG,https://trfc.tw/temples/ChiayiCounty/shueishang/1012024-YSG
仁安宮,嘉義縣水上鄉內溪村內溪4鄰47號,嘉義縣,水上鄉,仁安宮,玄天上帝,道,1891,23.43562571,120.4209503,1012025-RAG,https://trfc.tw/temples/ChiayiCounty/shueishang/1012025-RAG
北極殿,嘉義縣朴子市安福里11鄰黎明路6-1號,嘉義縣,朴子市,北極殿,玄天上帝,道,1863,23.46954899,120.246418,1002001-BJD,https://trfc.tw/temples/ChiayiCounty/putz/1002001-BJD
北天宮,嘉義縣朴子市新庄里1鄰10號,嘉義縣,朴子市,北天宮,玄天上帝,道,1821,23.42235804,120.269525,1002018-BTG,https://trfc.tw/temples/ChiayiCounty/putz/1002018-BTG
埤仔頭玄聖宮,嘉義縣新港鄉埤子村1鄰40-2號,嘉義縣,新港鄉,玄聖宮,玄天上帝 / 關聖帝君,道,1942,23.586196,120.364576,1007009-XSG,https://trfc.tw/temples/ChiayiCounty/shingang/1007009-XSG
溪北鎮武宮,嘉義縣新港鄉溪北村13鄰溪北段111-1號,嘉義縣,新港鄉,鎮武宮,玄天上帝,道,1997,23.51028898,120.336066,1007015-ZWG,https://trfc.tw/temples/ChiayiCounty/shingang/1007015-ZWG
財團法人臺灣省嘉義縣新港鄉中洋村北極玄天宮,嘉義縣新港鄉中洋村4鄰中洋子100號,嘉義縣,新港鄉,財團法人臺灣省嘉義縣新港鄉中洋村北極玄天宮,玄天上帝,道,1969,23.52772401,120.371205,1007017-ZYCBJXTG,https://trfc.tw/temples/ChiayiCounty/shingang/1007017-ZYCBJXTG
六斗仔鎮北殿,嘉義縣新港鄉潭大村4鄰六斗子6號附1,嘉義縣,新港鄉,鎮北殿,玄天上帝,道,1983,23.54809899,120.326783,1007020-ZBD,https://trfc.tw/temples/ChiayiCounty/shingang/1007020-ZBD
竹崎真武廟,嘉義縣竹崎鄉和平村5鄰坑仔坪139號,嘉義縣,竹崎鄉,真武廟,玄天上帝,道,1850,23.518173,120.549201,1014001-ZWM,https://trfc.tw/temples/ChiayiCounty/juchi/1014001-ZWM
後山晨興廟,竹崎鄉和平村十六鄰盧厝挖十八之一號,嘉義縣,竹崎鄉,,玄天上帝,道,1976,23.50985404,120.524461,1014002-HSCXM,https://trfc.tw/temples/ChiayiCounty/juchi/1014002-HSCXM
沙坑真武宮,嘉義縣竹崎鄉沙坑村水坑8鄰61號,嘉義縣,竹崎鄉,真武宮,玄天上帝,道,1952,23.52931598,120.519579,1014004-ZWG,https://trfc.tw/temples/ChiayiCounty/juchi/1014004-ZWG
灣橋北極殿,嘉義縣竹崎鄉灣橋村20鄰灣橋266號,嘉義縣,竹崎鄉,灣橋北極殿,玄天上帝,道,1864,23.49157815,120.5046573,1014010-WQBJD,https://trfc.tw/temples/ChiayiCounty/juchi/1014010-WQBJD
塘下寮武當山廟,嘉義縣竹崎鄉塘興村塘下寮14之1號,嘉義縣,竹崎鄉,塘下寮武當山廟,玄天上帝,道,1971,23.49246997,120.569933,1014011-TXLWDSM,https://trfc.tw/temples/ChiayiCounty/juchi/1014011-TXLWDSM
金獅寮廣福宮,嘉義縣竹崎鄉金獅村11鄰金獅寮32號,嘉義縣,竹崎鄉,廣福宮,玄天上帝,道,1948,23.51501402,120.605929,1014019-GFG,https://trfc.tw/temples/ChiayiCounty/juchi/1014019-GFG
復金真武廟,嘉義縣竹崎鄉復金村11鄰復金59號,嘉義縣,竹崎鄉,復金真武廟,玄天上帝,道,1747,23.52847603,120.569639,1014020-FJZWM,https://trfc.tw/temples/ChiayiCounty/juchi/1014020-FJZWM
松泉真武廟,嘉義縣竹崎鄉緞繻村阿拔泉9鄰22之1號,嘉義縣,竹崎鄉,真武廟,玄天上帝,道,1665,23.52400001,120.599811,1014021-ZWM,https://trfc.tw/temples/ChiayiCounty/juchi/1014021-ZWM
科底真武廟,嘉義縣竹崎鄉緞繻村16鄰科底26號,嘉義縣,竹崎鄉,,玄天上帝,道,1957,23.53113301,120.591622,1014021-ZWM00,https://trfc.tw/temples/ChiayiCounty/juchi/1014021-ZWM00
達天宮,嘉義縣中埔鄉金蘭村3鄰16號,嘉義縣,中埔鄉,達天宮,玄天上帝,道,1973,23.44045297,120.506732,1013005-DTG,https://trfc.tw/temples/ChiayiCounty/jungpu/1013005-DTG
玄帝宮,嘉義縣中埔鄉隆興村十二鄰下厝仔二號,嘉義縣,中埔鄉,玄帝宮,玄天上帝,道,1995,23.43408699,120.523772,1013010-XDG,https://trfc.tw/temples/ChiayiCounty/jungpu/1013010-XDG
長安宮,嘉義縣中埔鄉義仁村8鄰安家厝7之1號,嘉義縣,中埔鄉,長安宮,玄天上帝,道,1993,23.44430999,120.524085,1013011-CAG,https://trfc.tw/temples/ChiayiCounty/jungpu/1013011-CAG
震安宮,嘉義縣中埔鄉頂埔村8鄰11號,嘉義縣,中埔鄉,震安宮,玄天上帝,道,1952,23.41212398,120.529044,1013015-ZAG,https://trfc.tw/temples/ChiayiCounty/jungpu/1013015-ZAG
金天宮,嘉義縣中埔鄉沄水村14鄰竹頭崎60號,嘉義縣,中埔鄉,金天宮,玄天上帝,道,,23.39796301,120.522255,1013018-JTG,https://trfc.tw/temples/ChiayiCounty/jungpu/1013018-JTG
考試潭保安宮,嘉義縣布袋鎮考試里3鄰考試潭1號,嘉義縣,布袋鎮,保安宮,玄天上帝,道,1892,23.36279,120.170477,1003005-BAG,https://trfc.tw/temples/ChiayiCounty/budai/1003005-BAG
紫極殿,嘉義縣六腳鄉港美村100號,嘉義縣,六腳鄉,紫極殿,玄天上帝,道,1955,23.52845701,120.288531,1008010-ZJD,https://trfc.tw/temples/ChiayiCounty/lioujiau/1008010-ZJD
玄天宮,嘉義縣六腳鄉六斗村六斗尾12號,嘉義縣,六腳鄉,玄天宮,玄天上帝,道,1940,23.54094001,120.296135,1008012-XTG,https://trfc.tw/temples/ChiayiCounty/lioujiau/1008012-XTG
玄天宮,嘉義縣六腳鄉魚寮村魚寮62號,嘉義縣,六腳鄉,玄天宮,玄天上帝,道,1947,23.51926097,120.249273,1008017-XTG,https://trfc.tw/temples/ChiayiCounty/lioujiau/1008017-XTG
無極天大威殿,嘉義縣六腳鄉正義村16鄰大橋頭383之1號,嘉義縣,六腳鄉,無極天大威殿,關聖帝君 / 玄天上帝,道,,23.47735103,120.247535,1008019-WJTDWD,https://trfc.tw/temples/ChiayiCounty/lioujiau/1008019-WJTDWD
玄濟宮,嘉義縣大林鎮內林里38-1號,嘉義縣,大林鎮,玄濟宮,玄天上帝,道,1997,23.614538,120.491386,1004009-XJG,https://trfc.tw/temples/ChiayiCounty/dalin/1004009-XJG
金虛宮,嘉義縣大林鎮三村里7鄰湖子16之3號,嘉義縣,大林鎮,金虛宮,玄天上帝,道,1908,23.616451,120.467985,1004010-JXG,https://trfc.tw/temples/ChiayiCounty/dalin/1004010-JXG
受天宮,嘉義縣大林鎮中坑里14鄰田寮12之1號,嘉義縣,大林鎮,受天宮,玄天上帝,道,1979,23.554395904721765,120.51416747045405,1004013-STG,https://trfc.tw/temples/ChiayiCounty/dalin/1004013-STG
代天宮,嘉義縣大林鎮上林里麻園寮10-1號,嘉義縣,大林鎮,代天宮,玄天上帝,道,1921,23.575754,120.480121,1004014-DTG,https://trfc.tw/temples/ChiayiCounty/dalin/1004014-DTG
紫玄保宮,嘉義縣大林鎮明華里12鄰下埤頭83號,嘉義縣,大林鎮,紫玄保宮,玄天上帝,道,1900,23.600896,120.439531,1004015-ZXBG,https://trfc.tw/temples/ChiayiCounty/dalin/1004015-ZXBG
保安宮,嘉義縣大林鎮三和里1鄰林子頭12號,嘉義縣,大林鎮,保安宮,玄天上帝,道,,23.600397,120.492226,1004016-BAG,https://trfc.tw/temples/ChiayiCounty/dalin/1004016-BAG
大林順天宮,嘉義縣大林鎮三角里5鄰三角21號,嘉義縣,大林鎮,大林順天宮,玄天上帝,道,1989,23.627867,120.498631,1004020-DLSTG,https://trfc.tw/temples/ChiayiCounty/dalin/1004020-DLSTG
北極宮,嘉義縣太保市崙頂里4鄰21號,嘉義縣,太保市,北極宮,玄天上帝,道,1913,23.45857004,120.311082,1001001-BJG,https://trfc.tw/temples/ChiayiCounty/taibau/1001001-BJG
武天宮,嘉義縣太保市後潭里11鄰455之1號,嘉義縣,太保市,武天宮,玄天上帝,道,1967,23.44525002,120.341951,1001008-WTG,https://trfc.tw/temples/ChiayiCounty/taibau/1001008-WTG
北玄宮,嘉義縣太保市舊埤里74號,嘉義縣,太保市,北玄宮,玄天上帝,道,1876,23.49072503,120.332974,1001010-BXG,https://trfc.tw/temples/ChiayiCounty/taibau/1001010-BXG
福天宮,嘉義縣太保市安仁里5鄰頂港子墘10號,嘉義縣,太保市,福天宮,玄天上帝,道,1912,23.44310099,120.297452,1001018-FTG,https://trfc.tw/temples/ChiayiCounty/taibau/1001018-FTG
玄保宮,嘉義縣太保市太保里145號,嘉義縣,太保市,玄保宮,玄天上帝,道,1988,23.46209203,120.333364,1001018-XBG,https://trfc.tw/temples/ChiayiCounty/taibau/1001018-XBG
開元后保元宮,嘉義縣梅山鄉過山村開元后22號,嘉義縣,梅山鄉,保元宮,玄天上帝,道,1706,23.585665,120.532317,1015003-BYG,https://trfc.tw/temples/ChiayiCounty/meishan/1015003-BYG
財團法人臺灣省嘉義縣梅山玉虛宮,嘉義縣梅山鄉梅東村中山路72號,嘉義縣,梅山鄉,財團法人臺灣省嘉義縣梅山玉虛宮,玄天上帝,道,1757,23.58187504,120.559066,1015006-MSYX,https://trfc.tw/temples/ChiayiCounty/meishan/1015006-MSYX
水尾玉武宮,嘉義縣梅山鄉大南村5鄰水尾22號,嘉義縣,梅山鄉,水尾玉武宮,玄天上帝,道,1723,23.55365997,120.545171,1015009-SWYWG,https://trfc.tw/temples/ChiayiCounty/meishan/1015009-SWYWG
大草埔玉繩宮,嘉義縣梅山鄉大南村3鄰大草埔36號,嘉義縣,梅山鄉,玉繩宮,玄天上帝,道,1867,23.55952503,120.551106,1015009-YSG,https://trfc.tw/temples/ChiayiCounty/meishan/1015009-YSG
雙溪正武宮,嘉義縣梅山鄉雙溪村3鄰頂雙溪22號,嘉義縣,梅山鄉,正武宮,玄天上帝,道,1973,23.55655499,120.536548,1015010-ZWG,https://trfc.tw/temples/ChiayiCounty/meishan/1015010-ZWG
樟埔寮漳武宮,嘉義縣梅山鄉安靖村5鄰樟普寮21之1號,嘉義縣,梅山鄉,漳武宮,玄天上帝,道,1979,23.54976297,120.58589,1015011-ZWG,https://trfc.tw/temples/ChiayiCounty/meishan/1015011-ZWG
詔安寮真武宮,嘉義縣梅山鄉安靖村詔安寮43號,嘉義縣,梅山鄉,真武宮,玄天上帝,道,1810,23.54419696,120.57852,1015011-ZWG00,https://trfc.tw/temples/ChiayiCounty/meishan/1015011-ZWG00
龍眼龍興宮,嘉義縣梅山鄉龍眼村9鄰3之1號,嘉義縣,梅山鄉,龍興宮,玄天上帝,道,1854,23.57718604,120.616949,1015018-LXG,https://trfc.tw/temples/ChiayiCounty/meishan/1015018-LXG
溪口北極殿,嘉義縣溪口鄉溪西村三鄰中正路180之1號,嘉義縣,溪口鄉,北極殿,玄天上帝,道,1738,23.60651901,120.396,1006001-BJD,https://trfc.tw/temples/ChiayiCounty/shikou/1006001-BJD
田心仔,嘉義縣溪口鄉林腳村田心仔11號,嘉義縣,溪口鄉,,玄天上帝,道,1938,23.59694101,120.369285,1006007-TXZBTD,https://trfc.tw/temples/ChiayiCounty/shikou/1006007-TXZBTD
田心仔無極殿,嘉義縣溪口鄉田心仔9號,嘉義縣,溪口鄉,,玄天上帝,道,1931,23.596739,120.369495,1006007-TXZWJD,https://trfc.tw/temples/ChiayiCounty/shikou/1006007-TXZWJD
聖玄宮,嘉義縣番路鄉下坑村菜公店121號附6,嘉義縣,番路鄉,,玄天上帝,道,1985,23.46492503,120.554072,1016004-SXG,https://trfc.tw/temples/ChiayiCounty/fanlu/1016004-SXG
北極殿,嘉義縣大埔鄉大埔村5鄰137號,嘉義縣,大埔鄉,北極殿,玄天上帝,道,1760,23.31667407,120.6007181,1017001-BJD,https://trfc.tw/temples/ChiayiCounty/dapu/1017001-BJD
玄明宮,嘉義縣大埔鄉永樂村大埔2鄰段657、658號,嘉義縣,大埔鄉,玄明宮,玄天上帝,道,1972,23.33162713,120.5878621,1017003-XMG,https://trfc.tw/temples/ChiayiCounty/dapu/1017003-XMG
阿里山受鎮宮,嘉義縣阿里山鄉香林村2鄰45號,嘉義縣,阿里山鄉,受鎮宮,玄天上帝,道,1927,23.51776204,120.810365,1018002-SZG,https://trfc.tw/temples/ChiayiCounty/alishan/1018002-SZG
天武宮,嘉義縣大林鎮三村里3鄰橋子頭7號,嘉義縣,大林鎮,,玄天上帝,道教,,23.62184906,120.4665985,,
真武廟,嘉義縣布袋鎮貴舍里貴舍72號,嘉義縣,布袋鎮,,真武大帝,道教,,23.42557907,120.2121964,,
玄天宮,嘉義縣六腳鄉塗師村1鄰大塗師1之1號,嘉義縣,六腳鄉,,玄天上帝,道教,,23.508846,120.28669,,
廣雲宮,基隆市華新二路68號,基隆市,七堵區,廣雲宮,玄天上帝,佛,,25.125624,121.653814,1702016-GYG,https://trfc.tw/temples/KeelungCity/qidu/1702016-GYG
混元宮,基隆市西定路322巷2號,基隆市,中山區,混元宮,玄天上帝,道,,25.142986,121.725765,1705019-HYG,https://trfc.tw/temples/KeelungCity/zhongshan/1705019-HYG
玄龍宮,基隆市太白街111巷37號,基隆市,中山區,玄龍宮,北極玄天上帝,道,,25.148687,121.743926,1705015-XLG,https://trfc.tw/temples/KeelungCity/zhongshan/1705015-XLG
調訓宮,宜蘭縣冬山鄉鹿埔村鹿埔路777號,宜蘭縣,冬山鄉,調訓宮,玄天上帝,道,,24.648194,121.752194,0208019-DXG,http://188.166.188.237:8201/crgis/temples/YilanCounty/dungshan/0208019-DXG
境安宮,宜蘭縣冬山鄉柯林村境安一路181號,宜蘭縣,冬山鄉,境安宮,玄天上帝,道,,24.67907,121.740609,0208023-JAG,http://188.166.188.237:8201/crgis/temples/YilanCounty/dungshan/0208023-JAG
永安宮(嶺腳),宜蘭縣蘇澳鎮港邊里嶺腳路104號,宜蘭縣,蘇澳鎮,永安宮(嶺腳),玄天上帝,道,,24.611948,121.854689,0203005-YAG,http://188.166.188.237:8201/crgis/temples/YilanCounty/suau/0203005-YAG
大玄廟,宜蘭縣蘇澳鎮存仁里大成路58號,宜蘭縣,蘇澳鎮,大玄廟,玄天上帝,道,,24.624703,121.84941,0203004-DXM,http://188.166.188.237:8201/crgis/temples/YilanCounty/suau/0203004-DXM
武當祖廟台灣第一行宮外澳接天宮,宜蘭縣頭城鎮外澳里濱海路二段1巷21號,宜蘭縣,頭城鎮,武當祖廟台灣第一行宮外澳接天宮,玄天上帝,道,,24.879797,121.841001,0204006-JTG,http://188.166.188.237:8201/crgis/temples/YilanCounty/toucheng/0204006-JTG
玄天宮,宜蘭縣三星鄉月眉村月眉街98號,宜蘭縣,三星鄉,玄天宮,玄天上帝,道,,24.669955,121.660576,0210008-XTG,http://188.166.188.237:8201/crgis/temples/YilanCounty/sanshing/0210008-XTG
聖武宮,宜蘭縣三星鄉貴林村(路)66之7號,宜蘭縣,三星鄉,聖武宮,玄天上帝,道,,24.667394,121.685641,0210009-SWG,http://188.166.188.237:8201/crgis/temples/YilanCounty/sanshing/0210009-SWG
顯明宮,宜蘭縣三星鄉拱照村大坑路95之2號,宜蘭縣,三星鄉,顯明宮,玄天上帝,道,,24.653097,121.67103,0210009-XMG,http://188.166.188.237:8201/crgis/temples/YilanCounty/sanshing/0210009-XMG
鎮安宮,宜蘭縣七賢村七賢路285巷13號,宜蘭縣,員山鄉,鎮安宮,玄天上帝,道,,24.714048,121.731652,0207005-ZAG,http://188.166.188.237:8201/crgis/temples/YilanCounty/yuanshan/0207005-ZAG
慶昌宮,宜蘭縣羅東鎮西寧路66號,宜蘭縣,羅東鎮,慶昌宮,玄天上帝,道,,24.673134,121.761665,0202010-QCG,http://188.166.188.237:8201/crgis/temples/YilanCounty/luodung/0202010-QCG
玄威廟,宜蘭縣壯圍鄉忠孝村壯六路23-1號,宜蘭縣,壯圍鄉,玄威廟,玄天上帝,道,,24.747165,121.801295,0206008-XWM,http://188.166.188.237:8201/crgis/temples/YilanCounty/juangwei/0206008-XWM
同安廟,宜蘭縣壯圍鄉復興村壯濱路二段47號,宜蘭縣,壯圍鄉,同安廟,玄天上帝,道,,24.735629,121.809518,0206005-TAM,http://188.166.188.237:8201/crgis/temples/YilanCounty/juangwei/0206005-TAM
艮安宮,宜蘭縣五結鄉孝威村孝威二路91號,宜蘭縣,五結鄉,,玄天上帝,道教,,24.6966095,121.8063965,,
北極殿,屏東縣屏東市必信里民族路365號,屏東縣,屏東市,屏東市北極殿,玄天上帝,道,1884,22.671175,120.479756,1301009-BJD,https://trfc.tw/temples/PingtungCounty/pingtung/1301009-BJD
慈本堂,屏東縣屏東市凌雲里田中路6-2號,屏東縣,屏東市,慈本堂,玄天上帝,道,1971,22.662743,120.450119,1301030-CBT,https://trfc.tw/temples/PingtungCounty/pingtung/1301030-CBT
龍興宮,屏東縣屏東市擇仁里自由路79巷9號,屏東縣,屏東市,龍興宮,玄天上帝,道,1963,22.667181,120.485863,1301034-LXG,https://trfc.tw/temples/PingtungCounty/pingtung/1301034-LXG
慈鳳堂,屏東縣屏東市義勇里臺糖二街38巷117-1號,屏東縣,屏東市,慈鳳堂,玄天上帝,道,1955,22.664766,120.491773,1301038-CFT,https://trfc.tw/temples/PingtungCounty/pingtung/1301038-CFT
永安殿,屏東縣屏東市安鎮里林內巷5號,屏東縣,屏東市,永安殿,玄天上帝,道,1933,22.668246,120.476102,1301049-YAD,https://trfc.tw/temples/PingtungCounty/pingtung/1301049-YAD
真武宮,屏東縣屏東市斯文里協和東路51號,屏東縣,屏東市,真武宮,玄天上帝,道,1952,22.679986,120.492991,1301059-ZWG,https://trfc.tw/temples/PingtungCounty/pingtung/1301059-ZWG
玄天上帝廟,屏東縣屏東市溝美里溝美30號,屏東縣,屏東市,玄天上帝廟,玄天上帝,道,,22.68040672,120.4969481,1301067-XTSDM,https://trfc.tw/temples/PingtungCounty/pingtung/1301067-XTSDM
紫霄帝闕玄天上帝廟,屏東縣屏東市溝美里自由路385號,屏東縣,屏東市,紫霄帝闕玄天上帝廟,玄天上帝,道,1933,22.681006,120.494692,1301067-ZXDQXTSDM,https://trfc.tw/temples/PingtungCounty/pingtung/1301067-ZXDQXTSDM
玄聖殿,屏東縣屏東市北勢里北勢巷26-4號,屏東縣,屏東市,玄聖殿,玄天上帝,道,1971,22.686163,120.492486,1301068-XSD,https://trfc.tw/temples/PingtungCounty/pingtung/1301068-XSD
玄天宮,屏東縣內埔鄉龍泉村和平路21號,屏東縣,內埔鄉,玄天宮,玄天上帝,道,1914,22.6821532,120.6257423,1313017-XTG,https://trfc.tw/temples/PingtungCounty/neipu/1313017-XTG
黎明玄武宮,屏東縣內埔鄉黎明村黎東路274號,屏東縣,內埔鄉,玄武宮,玄天上帝,道,1749,22.6887558,120.6029307,1313021-XWG,https://trfc.tw/temples/PingtungCounty/neipu/1313021-XWG
崇聖殿,屏東縣內埔鄉隘寮村新展路1號,屏東縣,內埔鄉,崇聖殿,玄天上帝,道,,22.6966551,120.6311317,1313022-CSD,https://trfc.tw/temples/PingtungCounty/neipu/1313022-CSD
萬泉寺,屏東縣寶厝村中興路2段435號,屏東縣,萬丹鄉,萬泉寺,玄天上帝,道,1774,22.5803719,120.4853131,1305006-WQS,https://trfc.tw/temples/PingtungCounty/wandan/1305006-WQS
北極宮,屏東縣萬丹鄉四維村濫庄,屏東縣,萬丹鄉,北極宮,玄天上帝,道,,22.5995097,120.4962417,1305007-BJG,https://trfc.tw/temples/PingtungCounty/wandan/1305007-BJG
真武宮,屏東縣萬丹鄉廈北村南北路2段265號,屏東縣,萬丹鄉,真武宮,玄天上帝,道,1958,22.5979475,120.4665419,1305012-ZWG,https://trfc.tw/temples/PingtungCounty/wandan/1305012-ZWG
真武廟,屏東縣萬丹鄉社上村土庫路105號,屏東縣,萬丹鄉,真武廟,玄天上帝,道,,22.6259197,120.4711189,1305019-ZWM,https://trfc.tw/temples/PingtungCounty/wandan/1305019-ZWM
建隆宮,屏東縣社中村社上路13鄰3號,屏東縣,萬丹鄉,建隆宮,玄天上帝,道,1926,22.6212212,120.4710754,1305020-JLG,https://trfc.tw/temples/PingtungCounty/wandan/1305020-JLG
新興宮,屏東縣萬丹鄉新鍾村(路)167號,屏東縣,萬丹鄉,新興宮,玄天上帝,道,1958,22.65571999,120.4705243,1305025-XXG,https://trfc.tw/temples/PingtungCounty/wandan/1305025-XXG
玄天宮,屏東縣潮州鎮光華里光華路217-1號,屏東縣,潮州鎮,玄天宮,玄天上帝,道,1977,22.54688635,120.5425949,1302005-XTG,https://trfc.tw/temples/PingtungCounty/chaujou/1302005-XTG
北極殿,屏東縣潮州鎮蓬萊里江山路18號,屏東縣,潮州鎮,北極殿,玄天上帝,道,1931,22.55239544,120.5268888,1302011-BJD,https://trfc.tw/temples/PingtungCounty/chaujou/1302011-BJD
北極萬靈殿,屏東縣潮州鎮九塊里復興路1號,屏東縣,潮州鎮,北極萬靈殿,玄天上帝,道,1976,22.5189509,120.5610456,1302018-BJWLD,https://trfc.tw/temples/PingtungCounty/chaujou/1302018-BJWLD
紅柴坑南天宮,屏東縣恆春鎮山海里紅柴路,屏東縣,恆春鎮,南天宮,玄天上帝,道,1910,21.971577,120.717073,1304012-NTG,https://trfc.tw/temples/PingtungCounty/hengchuen/1304012-NTG
天龍宮,屏東縣枋寮鄉新開村新開路71號,屏東縣,枋寮鄉,天龍宮,玄天上帝,道,1961,22.408696,120.617292,1316011-TLG,https://trfc.tw/temples/PingtungCounty/fangliau/1316011-TLG
玄天宮,屏東縣枋寮鄉新開村中庄路42號,屏東縣,枋寮鄉,玄天宮,玄天上帝,道,1979,22.400153,120.621554,1316011-XTG,https://trfc.tw/temples/PingtungCounty/fangliau/1316011-XTG
東海北玄宮,屏東縣枋寮鄉東海村北玄街286號,屏東縣,枋寮鄉,北玄宮,玄天上帝,道,,22.401199,120.573734,1316014-BXG,https://trfc.tw/temples/PingtungCounty/fangliau/1316014-BXG
保安堂,東港鎮大潭里大潭路84號,屏東縣,東港鎮,保安堂,玄天上帝,道,1965,22.456394,120.494346,1303018-BAT,https://trfc.tw/temples/PingtungCounty/donggan/1303018-BAT
田隆宮,屏東縣新園鄉田洋村田南路63號,屏東縣,新園鄉,田隆宮,玄天上帝,道,1964,22.54434001,120.452504,1317003-TLG,https://trfc.tw/temples/PingtungCounty/shinyuan/1317003-TLG
代天府玄極堂,屏東縣新園鄉內庄村平和路9號,屏東縣,新園鄉,代天府玄極堂,玄天上帝,道,,22.526382,120.453992,1317005-DTFXJT,https://trfc.tw/temples/PingtungCounty/shinyuan/1317005-DTFXJT
玄武殿,屏東縣新園鄉南龍村南龍路77號,屏東縣,新園鄉,玄武殿,玄天上帝,道,,22.485001,120.4576629,1317011-XWD,https://trfc.tw/temples/PingtungCounty/shinyuan/1317011-XWD
北極殿,屏東縣高樹鄉源泉村泉興路25號,屏東縣,高樹鄉,玄天上帝廟,玄天上帝,道,1919,22.812315,120.605975,1311005-XTSDM,https://trfc.tw/temples/PingtungCounty/gaushu/1311005-XTSDM
菜寮北極殿,屏東縣高樹鄉舊寮村長美路64號,屏東縣,高樹鄉,北極殿,玄天上帝,道,1911,22.849616,120.610393,1311010-BJD,https://trfc.tw/temples/PingtungCounty/gaushu/1311010-BJD
新豐北極殿,屏東縣高樹鄉新豐村泰和路117-1號,屏東縣,高樹鄉,北極殿,玄天上帝,道,,22.864855,120.627572,1311011-BJD,https://trfc.tw/temples/PingtungCounty/gaushu/1311011-BJD
正順廟,屏東縣高樹鄉田子村文山路14號,屏東縣,高樹鄉,正順廟,玄天上帝,道,1976,22.797283,120.576046,1311017-ZSM,https://trfc.tw/temples/PingtungCounty/gaushu/1311017-ZSM
新厝北宸宮,屏東縣高樹鄉鹽樹村新豐路39號,屏東縣,高樹鄉,北宸宮,玄天上帝,道,1926,22.796327,120.56907,1311018-BCG,https://trfc.tw/temples/PingtungCounty/gaushu/1311018-BCG
北極宮,屏東縣高樹鄉鹽樹村公平路25號,屏東縣,高樹鄉,北極宮,玄天上帝,道,1776,22.810748,120.578005,1311018-BJG,https://trfc.tw/temples/PingtungCounty/gaushu/1311018-BJG
玄明廟,屏東縣萬巒鄉萬全村高崗路1號,屏東縣,萬巒鄉,玄明廟,玄天上帝,道,1935,22.568381,120.579117,1312002-XMM,https://trfc.tw/temples/PingtungCounty/wanluan/1312002-XMM
元帥廟,屏東縣萬巒鄉硫黃村重慶路6號,屏東縣,萬巒鄉,元帥廟,玄天上帝,道,,22.58332352,120.574394,1312005-YSM00,https://trfc.tw/temples/PingtungCounty/wanluan/1312005-YSM00
明發北極殿,屏東縣萬巒鄉新置村新光路60-3號,屏東縣,萬巒鄉,北極殿,玄天上帝,道,1976,22.534018,120.610299,1312014-BJG,https://trfc.tw/temples/PingtungCounty/wanluan/1312014-BJG
北極殿,屏東縣竹田鄉履豐村豐興路17號,屏東縣,竹田鄉,北極殿,玄天上帝,道,1924,22.5865532,120.5375037,1314004-BJD,https://trfc.tw/temples/PingtungCounty/jutian/1314004-BJD
上帝廟,屏東縣竹田鄉履豐村豐興路4號,屏東縣,竹田鄉,上帝廟,玄天上帝,道,1924,22.58613,120.536738,1314004-SDM,https://trfc.tw/temples/PingtungCounty/jutian/1314004-SDM
興農宮,屏東縣竹田鄉六巷村太平路47號,屏東縣,竹田鄉,興農宮,玄天上帝,道,1932,22.6066759,120.5202676,1314012-XNG,https://trfc.tw/temples/PingtungCounty/jutian/1314012-XNG
三玄殿,屏東縣竹田鄉大湖村大明路113-5號,屏東縣,竹田鄉,三玄殿,玄天上帝,道,1994,22.5840555,120.5160785,1314014-SXD,https://trfc.tw/temples/PingtungCounty/jutian/1314014-SXD
代天宮,屏東縣竹田鄉鳳明村福安路64號,屏東縣,竹田鄉,代天宮,玄天上帝,道,,22.56813,120.509617,1314015-DTG,https://trfc.tw/temples/PingtungCounty/jutian/1314015-DTG
鳳興宮,屏東縣竹田鄉鳳明村鳳安路20號,屏東縣,竹田鄉,鳳興宮,玄天上帝,道,1946,22.570489,120.5076717,1314015-FXG,https://trfc.tw/temples/PingtungCounty/jutian/1314015-FXG
北極殿,屏東縣里港鄉永春村第六鄰,屏東縣,里港鄉,北極殿,玄天上帝,道,1930,22.779403,120.496461,1309003-BJD,https://trfc.tw/temples/PingtungCounty/ligang/1309003-BJD
新潭頭玄天上帝廟,屏東縣長治鄉進興村新進巷7號,屏東縣,長治鄉,新潭頭玄天上帝廟,玄天上帝,道,,22.674432,120.527346,1306001-XTTXTSDM,https://trfc.tw/temples/PingtungCounty/changjr/1306001-XTTXTSDM
下厝北極殿,屏東縣長治鄉德榮村下厝街53號,屏東縣,長治鄉,下厝北極殿,玄天上帝,道,1971,22.692773,120.528451,1306010-XCBJD,https://trfc.tw/temples/PingtungCounty/changjr/1306010-XCBJD
番仔寮惠迪宮,屏東縣長治鄉繁華村舊廟路1號,屏東縣,長治鄉,長治鄉番仔寮惠迪宮,玄天上帝,道,1975,22.698658,120.575971,1306012-FZLHDG,https://trfc.tw/temples/PingtungCounty/changjr/1306012-FZLHDG
玄聖宮,屏東縣麟洛鄉新田村民族路310號,屏東縣,麟洛鄉,玄聖宮,玄天上帝,道,1964,22.661672,120.537142,1307001-XSG,https://trfc.tw/temples/PingtungCounty/linluo/1307001-XSG
真武殿,屏東縣林邊鄉崎峰村光前路80號,屏東縣,林邊鄉,真武殿,玄天上帝,道,1751,22.42908499,120.490006,1319007-ZWD,https://trfc.tw/temples/PingtungCounty/linbian/1319007-ZWD
萬華北極殿,屏東縣南州鄉萬華村萬華路6巷4號,屏東縣,南州鄉,萬華北極殿,玄天上帝,道,1910,22.46553906,120.5042533,1320006-BJD,https://trfc.tw/temples/PingtungCounty/nanjou/1320006-BJD
同安北極殿,屏東縣南州鄉同安村牛埔路2號,屏東縣,南州鄉,北極殿,玄天上帝,道,1974,22.47221801,120.523056,1320009-BJD,https://trfc.tw/temples/PingtungCounty/nanjou/1320009-BJD
同安武當殿,屏東縣南州鄉同安村同安路34號,屏東縣,南州鄉,武當廟,玄天上帝,道,1958,22.47331428,120.5254494,1320009-WDM,https://trfc.tw/temples/PingtungCounty/nanjou/1320009-WDM
社邊北極殿,屏東縣南州鄉南安村社邊路12號,屏東縣,南州鄉,北極殿,玄天上帝,道,1831,22.46416678,120.5131428,1320010-BJD,https://trfc.tw/temples/PingtungCounty/nanjou/1320010-BJD
北玄宮,屏東縣九如鄉耆老村平和路339號,屏東縣,九如鄉,北玄宮,玄天上帝,道,,22.761526,120.494248,1308008-BXG,https://trfc.tw/temples/PingtungCounty/jiouru/1308008-BXG
洽興德安寺,屏東縣九如鄉洽興村平和路22號,屏東縣,九如鄉,洽興村德安寺,觀世音菩薩 / 玄天上帝,道,1974,22.762147,120.503414,1308008-QXDAS,https://trfc.tw/temples/PingtungCounty/jiouru/1308008-QXDAS
玄靈殿,屏東縣九如鄉東寧村東寧路66巷1號,屏東縣,九如鄉,北極玄天上帝廟,玄天上帝,道,,22.734996,120.496735,1308010-BJXTSDM,https://trfc.tw/temples/PingtungCounty/jiouru/1308010-BJXTSDM
靈山聖道院,屏東縣車城鄉溫泉村內埔路38-6號,屏東縣,車城鄉,靈山聖道院,玄天上帝,道,1991,22.07949201,120.744002,1323006-LSSDY,https://trfc.tw/temples/PingtungCounty/checheng/1323006-LSSDY
北極宮,屏東縣崁頂鄉崁頂村中正路99-1號,屏東縣,崁頂鄉,北極宮,玄天上帝,道,,22.5128772,120.5103384,1318001-BJG,https://trfc.tw/temples/PingtungCounty/kanding/1318001-BJG
南清宮,屏東縣崁頂鄉越溪村民權路8號,屏東縣,崁頂鄉,南清宮,玄天上帝,道,,22.50004949,120.4876039,1318007-NQG,https://trfc.tw/temples/PingtungCounty/kanding/1318007-NQG
嘉王宮,屏東縣屏東市萬年里建國路22巷18號,屏東縣,屏東市,屏東市嘉王宮,玄天上帝,道,1957,22.664248,120.487457,1301037-JWG,https://trfc.tw/temples/PingtungCounty/pingtung/1301037-JWG
餉潭北普宮,屏東縣新埤鄉餉潭村龍潭路63號,屏東縣,新埤鄉,北普宮,普庵祖佛 / 玄天上帝,道,1981,22.476504,120.607447,1315007-BPG,https://trfc.tw/temples/PingtungCounty/shinpi/1315007-BPG
屏東南天宮,屏東縣九如鄉後庄村三民路59號,屏東縣,九如鄉,,玄天上帝,道教,,22.748079,120.49892,,
潮州鎮泗林里玄天上帝寺廟,屏東縣潮州鎮泗林里通潮路7-3號,屏東縣,潮州鎮,,玄天上帝,道教,,22.549693,120.566019,,
六雲宮,屏東縣竹田鄉六巷村太平路47號,屏東縣,竹田鄉,,玄天上帝,道教,,22.606534,120.520355,,
山寮北天宮,,彰化縣,溪湖鎮,,玄天上帝,道,,,,5c715bee531759295bae,http://188.166.188.237:8201/crgis/temples/ChanghuaCounty/shihu/5c715bee531759295bae
古龍山,彰化縣彰化市龍山里中山路2段792號,彰化縣,彰化市,古龍山,玄天上帝,道,1796,24.083095,120.548592,0701010-GLS,https://trfc.tw/temples/ChanghuaCounty/changhua/0701010-GLS
受天宮,彰化縣彰化市永生里民權路87巷1號,彰化縣,彰化市,受天宮,玄天上帝,道,1888,24.075791,120.540767,0701018-STG,https://trfc.tw/temples/ChanghuaCounty/changhua/0701018-STG
永安宮,彰化市國聖里國聖路175巷139號,彰化縣,彰化市,永安宮,玄天上帝,道,1870,24.10307402,120.572829,0701058-YAG,https://trfc.tw/temples/ChanghuaCounty/changhua/0701058-YAG
北極宮,彰化縣彰化市忠權里辭修路128巷24弄37號,彰化縣,彰化市,北極宮,玄天上帝,道,,24.08654599,120.53674,0701022-BJG,https://trfc.tw/temples/ChanghuaCounty/changhua/0701022-BJG
集英宮,彰化縣鹿港鎮新宮里泉州街14號,彰化縣,鹿港鎮,集英宮,玄天上帝,道,,24.058834,120.429902,0702010-JYG,https://trfc.tw/temples/ChanghuaCounty/lugang/0702010-JYG
紫極殿,彰化縣鹿港鎮菜園里三民路206號,彰化縣,鹿港鎮,紫極殿,上帝公,道,,24.050833,120.433345,0702014-ZJD,https://trfc.tw/temples/ChanghuaCounty/lugang/0702014-ZJD
員林受賢宮,彰化縣員林鎮新生里員鹿路150號,彰化縣,員林市,受賢宮,玄天上帝,道,,23.95703402,120.565347,0710011-SXG,https://trfc.tw/temples/ChanghuaCounty/yuanlin/0710011-SXG
員林衡文宮,彰化縣員林鎮民生里萬年巷51-5號,彰化縣,員林市,衡文宮,玄天上帝,道,1966,23.95347197,120.578134,0710002-HWG,https://trfc.tw/temples/ChanghuaCounty/yuanlin/0710002-HWG
收圓二林萬合廣懿宮,二林鎮萬合里修心路101號,彰化縣,二林鎮,收圓二林萬合廣懿宮,玄天上帝,道,2000,23.92377798,120.412131,0720022-GYG,https://trfc.tw/temples/ChanghuaCounty/erlin/0720022-GYG
玄興宮,二林鎮東興里福建巷6-2號,彰化縣,二林鎮,玄興宮,玄天上帝,道,1974,23.88782499,120.392656,0720010-XXG,https://trfc.tw/temples/ChanghuaCounty/erlin/0720010-XXG
玄聖宮,彰化縣二林鎮泉西巷5之18號,彰化縣,二林鎮,玄聖宮,玄天上帝,道,2002,23.95886103,120.429803,0720018-XSG,https://trfc.tw/temples/ChanghuaCounty/erlin/0720018-XSG
慶安宮,彰化縣大村鄉大橋村,彰化縣,大村鄉,,玄天上帝,,,23.99894697,120.55632,0713012-QAG,https://trfc.tw/temples/ChanghuaCounty/datsuen/0713012-QAG
玄德宮進玄堂,彰化縣大村鄉中山路一段179號,彰化縣,大村鄉,玄德宮進玄堂,玄天上帝,,,23.97852722,120.5713055,0713007-XDGJXT,https://trfc.tw/temples/ChanghuaCounty/datsuen/0713007-XDGJXT
福興受興宮,彰化縣大村鄉福興村山腳路77之7號,彰化縣,大村鄉,受興宮,玄天上帝,道,,23.991171,120.587557,0713016-SXG,https://trfc.tw/temples/ChanghuaCounty/datsuen/0713016-SXG
美港北天宮,彰化縣大村鄉美港村中興街91巷5號,彰化縣,大村鄉,北天宮,北極玄天上帝,道,1988,23.97740096,120.57462,0713007-BTG,https://trfc.tw/temples/ChanghuaCounty/datsuen/0713007-BTG
鎮元宮,彰化縣大村鄉過溝村,彰化縣,大村鄉,,玄天上帝,,,23.993903,120.5487,0713006-ZYG,https://trfc.tw/temples/ChanghuaCounty/datsuen/0713006-ZYG
南勢鎮北宮,彰化縣大村鄉南勢村南一橫巷3-11號,彰化縣,大村鄉,鎮北宮,玄天上帝 / 觀世音菩薩 / 西方三聖,道,1834,23.98115102,120.550128,0713003-ZBG,https://trfc.tw/temples/ChanghuaCounty/datsuen/0713003-ZBG
北勢仔福天宮,彰化縣大村鄉擺塘村擺塘巷9號,彰化縣,大村鄉,福天宮,玄天上帝,道,1947,23.97449797,120.565776,0713014-BSZFTG,https://trfc.tw/temples/ChanghuaCounty/datsuen/0713014-BSZFTG
受清宮,彰化縣永靖鄉永北村水尾路148巷1號,彰化縣,永靖鄉,受清宮,玄天上帝,道,,23.924868,120.540188,0716004-SQG,https://trfc.tw/temples/ChanghuaCounty/yungchin/0716004-SQG
意善堂,彰化縣永靖鄉光雲村意善巷78號,彰化縣,永靖鄉,意善堂,玄天上帝,道,,23.92749,120.555447,0716012-YST,https://trfc.tw/temples/ChanghuaCounty/yungchin/0716012-YST
參天宮慈惠宮,彰化縣永靖鄉崙子村九分路216-1號,彰化縣,永靖鄉,參天宮慈惠宮,玄天上帝 / 王母娘娘,道,1992,23.931143,120.565207,0716015-CTGCHG,https://trfc.tw/temples/ChanghuaCounty/yungchin/0716015-CTGCHG
鎮南宮,彰化縣永靖鄉湳墘村忠心路13號,彰化縣,永靖鄉,鎮南宮,玄天上帝,道,,23.935407,120.528117,0716021-ZNG,https://trfc.tw/temples/ChanghuaCounty/yungchin/0716021-ZNG
福天宮,彰化縣社頭鄉仁和村石坑一巷12-1號,彰化縣,社頭鄉,福天宮,玄天上帝,道,,23.913008,120.609109,0717009-FTG,https://trfc.tw/temples/ChanghuaCounty/shetou/0717009-FTG
清聖宮,彰化縣社頭鄉清水村清興路50巷71號,彰化縣,社頭鄉,清聖宮,玄天上帝,道,,23.88902401,120.607944,0717023-QSG,https://trfc.tw/temples/ChanghuaCounty/shetou/0717023-QSG
乾坤宮,彰化縣社頭鄉新厝村潘厝巷19號,彰化縣,社頭鄉,乾坤宮,玄天上帝,道,,23.926099,120.577448,0717008-GKG,https://trfc.tw/temples/ChanghuaCounty/shetou/0717008-GKG
三玄宮,彰化縣花壇鄉永春村彰員路1段391巷32號,彰化縣,花壇鄉,三玄宮,玄天上帝,道,,24.01297602,120.570701,0708016-SXG,https://trfc.tw/temples/ChanghuaCounty/huatan/0708016-SXG
興南宮,花壇鄉南口村中山路二段367之4號,彰化縣,花壇鄉,興南宮,玄天上帝,道,1973,24.03370799,120.535638,0713008-XNG,https://trfc.tw/temples/ChanghuaCounty/huatan/0713008-XNG
還社北極宮,彰化縣和美鎮還社里北堂路8巷10號,彰化縣,和美鎮,北極宮,玄天上帝,道,1992,24.120949,120.517727,0703008-BJG,https://trfc.tw/temples/ChanghuaCounty/hemei/0703008-BJG
北極宮,彰化縣福興鄉二港村福正路26巷40號,彰化縣,福興鄉,北極宮,北極大帝,道,1976,24.043643,120.415807,0706018-BJG,https://trfc.tw/temples/ChanghuaCounty/fushing/0706018-BJG
拱辰宮,彰化縣福興鄉橋頭村中正路148巷1號,彰化縣,福興鄉,拱辰宮,玄天上帝,道,1975,24.051476,120.441691,0706010-GCG,https://trfc.tw/temples/ChanghuaCounty/fushing/0706010-GCG
紫微宮,彰化縣埔心鄉經口村柳橋西路275號,彰化縣,埔心鄉,紫微宮,玄天上帝,道,1994,23.950959,120.552328,0715009-ZWG,https://trfc.tw/temples/ChanghuaCounty/pushin/0715009-ZWG
國安宮,埔心鄉東門村明德街12號,彰化縣,埔心鄉,,北極玄天上帝,道,1991,23.94933401,120.549184,0710018-GAG,https://trfc.tw/temples/ChanghuaCounty/pushin/0710018-GAG
玄聖宮,彰化縣埔心鄉埤腳村大溪路147巷120號,彰化縣,埔心鄉,玄聖宮,玄天上帝,道,1984,23.974729,120.522393,0715002-XSG,https://trfc.tw/temples/ChanghuaCounty/pushin/0715002-XSG
武受宮,彰化縣埔心鄉南館村南安路218號,彰化縣,埔心鄉,武受宮,玄天上帝,道,1982,23.944716,120.521217,0715013-WSG,https://trfc.tw/temples/ChanghuaCounty/pushin/0715013-WSG
光正宮,埔心鄉南館村四湳路2巷121號,彰化縣,埔心鄉,光正宮,玄天上帝,道,1971,23.937624,120.526101,0716022-GZG,https://trfc.tw/temples/ChanghuaCounty/pushin/0716022-GZG
永清宮,彰化縣芬園鄉嘉興村芬草路1段93巷124號,彰化縣,芬園鄉,永清宮,玄天上帝,道,1995,24.008862,120.644232,0709005-YQG,https://trfc.tw/temples/ChanghuaCounty/fenyuan/0709005-YQG
圳墘受連宮,彰化縣芬園鄉圳墘村碧園路2段305號,彰化縣,芬園鄉,受連宮,玄天上帝,道,1963,23.986105,120.635801,0709012-SLG,https://trfc.tw/temples/ChanghuaCounty/fenyuan/0709012-SLG
北玄宮,彰化縣芬園鄉茄荖村慶功街221巷48號,彰化縣,芬園鄉,北玄宮,玄天上帝,道,1979,24.025926,120.647163,0709005-BXG,https://trfc.tw/temples/ChanghuaCounty/fenyuan/0709005-BXG
興安宮,彰化縣埔鹽鄉南新村好金路3巷19之2號,彰化縣,埔鹽鄉,興安宮,北極玄天上帝,道,1976,23.976128,120.461803,0714022-XAG,https://trfc.tw/temples/ChanghuaCounty/puyan/0714022-XAG
埔鹽順澤宮,彰化縣埔鹽鄉埔鹽村中正路55號,彰化縣,埔鹽鄉,埔鹽順澤宮,玄天上帝,道,1998,23.996679,120.475054,0714001-PYSZG,https://trfc.tw/temples/ChanghuaCounty/puyan/0714001-PYSZG
庄內振安宮,彰化縣埤頭鄉庄內村彰水路1段138巷117號,彰化縣,埤頭鄉,振安宮,玄天上帝,道,1995,23.83911699,120.461929,0722016-ZAG,https://trfc.tw/temples/ChanghuaCounty/pitou/0722016-ZAG
崙仔腳新吉宮,彰化縣埤頭鄉崙腳村和平路291號,彰化縣,埤頭鄉,新吉宮,玄天上帝,道,1929,23.88241698,120.468629,0722011-XJG,https://trfc.tw/temples/ChanghuaCounty/pitou/0722011-XJG
玄武宮,彰化縣芳苑鄉新街村新東路20號,彰化縣,芳苑鄉,玄武宮,玄天上帝,道,1966,23.90364298,120.307164,0723014-XWG,https://trfc.tw/temples/ChanghuaCounty/fangyuan/0723014-XWG
天受宮,彰化縣田中鎮新民里沙崙路242號,彰化縣,田中鎮,天受宮,玄天上帝,道,1950,23.85131903,120.583165,0712018-TSG,https://trfc.tw/temples/ChanghuaCounty/tianjung/0712018-TSG
順天宮,彰化縣田中鎮平和里山腳路5段246號,彰化縣,田中鎮,順天宮,玄天上帝,道,1972,23.874396,120.604829,0712005-STG,https://trfc.tw/temples/ChanghuaCounty/tianjung/0712005-STG
受武宮,彰化縣田尾鄉公園路一段436號,彰化縣,田尾鄉,,玄天上帝,道,1953,23.90634103,120.524707,0721013-SWG,https://trfc.tw/temples/ChanghuaCounty/tianwei/0721013-SWG
北玄宮,彰化縣田尾鄉仁里村中庄巷1號,彰化縣,田尾鄉,北玄宮,玄天上帝,道,1948,23.90415402,120.506083,0721018-BXG,https://trfc.tw/temples/ChanghuaCounty/tianwei/0721018-BXG
頂寮興天宮,彰化縣溪州鄉成功村頂寮巷6號,彰化縣,溪州鄉,興天宮,玄天上帝,道,1895,23.819269,120.555059,0726010-XTG,https://trfc.tw/temples/ChanghuaCounty/shijou/0726010-XTG
愛天宮,彰化縣溪州鄉柑園村面前巷1號,彰化縣,溪州鄉,愛天宮,玄天上帝,道,1975,23.823481,120.536883,0726003-ATG,https://trfc.tw/temples/ChanghuaCounty/shijou/0726003-ATG
菜公村北聖天宮,彰化縣溪州鄉菜公村民生路一段408號,彰化縣,溪州鄉,北聖天宮,玄天上帝,道,2009,23.81535,120.509427,0726013-BSTG,https://trfc.tw/temples/ChanghuaCounty/shijou/0726013-BSTG
廣福宮,彰化縣北斗鎮新生里興農路1段497巷140號,彰化縣,北斗鎮,廣福宮,玄天上帝,道,1961,23.85342297,120.538642,0719014-GFG,https://trfc.tw/temples/ChanghuaCounty/beidou/0719014-GFG
土庫廣雲宮,彰化縣竹塘鄉土庫村東陽路1段安平巷65號,彰化縣,竹塘鄉,廣雲宮,玄天上帝,道,1931,23.85132305,120.4140213,0725009-GYG,https://trfc.tw/temples/ChanghuaCounty/jhutang/0725009-GYG
田頭北天宮,彰化縣竹塘鄉田頭村光明路竹田巷74號,彰化縣,竹塘鄉,北天宮,玄天上帝,道,1961,23.83767706,120.4516914,0725007-BTG,https://trfc.tw/temples/ChanghuaCounty/jhutang/0725007-BTG
玄天宮,彰化縣大城鄉上山村魚寮路11號,彰化縣,大城鄉,玄天宮,玄天上帝,道,,23.86638902,120.331624,0724002-XTG,https://trfc.tw/temples/ChanghuaCounty/dacheng/0724002-XTG
奉天宮,彰化縣二水鄉十五村十五路12-2號,彰化縣,二水鄉,奉天宮,北極玄天上帝,道,1995,23.82996697,120.601262,0718017-FTG,https://trfc.tw/temples/ChanghuaCounty/erhshui/0718017-FTG
北斗寶天宮,彰化縣北斗鎮斗苑路二段1巷1號,彰化縣,北斗鎮,,北極玄天上帝,道教,,23.87335968,120.5161972,,
德霖寺,彰化縣田中鎮復興里文武路76巷53號,彰化縣,田中鎮,,北極玄天真武上帝,道教,,23.86152077,120.6057968,,
讚天宮,彰化縣田中鎮同安路107號,彰化縣,田中鎮,,真武大帝,道教,,23.83969116,120.591629,,
受聖堂,彰化縣社頭鄉湳底村員集路三段149巷12弄1號,彰化縣,社頭鄉,,玄天上帝,道教,,23.91067314,120.5804977,,
玄鎮宮,彰化縣福興鄉番婆村彰鹿路6段206巷26號,彰化縣,福興鄉,,北極玄天上帝,道教,,24.04851913,120.4674988,,
玄霞宮,彰化縣花壇鄉灣東村灣東路139號,彰化縣,花壇鄉,,玄天上帝,道教,,24.02224731,120.5696411,,
花壇玉靈宮,彰化縣花壇鄉白沙村虎山街295巷76弄39號,彰化縣,花壇鄉,,玄天上帝,道教,,24.04394913,120.5475998,,
三元宮,彰化縣鹿港鎮頭崙里頭崙巷2-5號,彰化縣,鹿港鎮,,玄天上帝,道教,,24.09691238,120.4796753,,
乾清宮,彰化縣鹿港鎮埔崙里復興路412號,彰化縣,鹿港鎮,,玄天上帝,道教,,24.05853081,120.4360428,,
廣玄宮,彰化縣彰化市國聖里中山路3段554巷76號,彰化縣,彰化市,,玄天上帝,道教,,24.090672,120.569524,,
朝興龍天宮,彰化縣社頭鄉朝興村山腳路二段522號,彰化縣,社頭鄉,,玄天上帝,道教,,23.909259,120.610851,,
財團法人新北市北極宮,新北市板橋區溪崑二街73巷1號,新北市,板橋區,財團法人新北市北極宮,玄天上帝,道,,24.99013710784248,121.42825806494244,65000010100-xkbjg,https://trfc.tw/temples/NewTaipeiCity/banchiau/65000010100-xkbjg
真武廟,新北市板橋區光復街192巷11號,新北市,板橋區,真武廟,玄天上帝,道,,25.019185,121.484162,0101053-ZWM,https://trfc.tw/temples/NewTaipeiCity/banchiau/0101053-ZWM
廣玄宮,新北市板橋區漢生東路193巷97號,新北市,板橋區,廣玄宮,北極玄天上帝,道,,25.012919,121.468909,0101069-GXG,https://trfc.tw/temples/NewTaipeiCity/banchiau/0101069-GXG
新北市板橋區北天廟,新北市板橋區萬安街124巷4號,新北市,板橋區,新北市板橋區北天廟,玄天上帝,道,,25.024746,121.483855,0101052-BTM,https://trfc.tw/temples/NewTaipeiCity/banchiau/0101052-BTM
龍雲宮,新北市三重區永安北路1段27巷58號,新北市,三重區,龍雲宮,玄天上帝,道,,25.060808,121.485607,0102013-LYG,https://trfc.tw/temples/NewTaipeiCity/sanchung/0102013-LYG
三峽宰樞廟,新北市三峽區秀川街28號,新北市,三峽區,三峽宰樞廟,玄天上帝,道,1777,24.934408,121.3719,65000090002-sxzsm,https://trfc.tw/temples/NewTaipeiCity/sanshia/65000090002-sxzsm
玉旨玄聖宮,新北市新店區中正路663巷7弄15號,新北市,新店區,玉旨玄聖宮,玄天上帝,道,,24.979683,121.533913,0106005-YZXSG,https://trfc.tw/temples/NewTaipeiCity/sindian/0106005-YZXSG
淡水真武廟,新北市淡水區八勢路1段10巷6號,新北市,淡水區,淡水真武廟,真武大帝,道,,25.152767,121.464531,0110020-DSZWM,https://trfc.tw/temples/NewTaipeiCity/danshuei/0110020-DSZWM
北極玄聖宮,新北市淡水區淡金路4段590號,新北市,淡水區,北極玄聖宮,北極玄天上帝,道,,25.207178,121.448807,0110006-BJXSG,https://trfc.tw/temples/NewTaipeiCity/danshuei/0110006-BJXSG
慈玄宮,新北市淡水區屯山里1鄰六塊厝2之1號,新北市,淡水區,慈玄宮,玄天上帝,道,,25.240652,121.454188,0110002-CXG,https://trfc.tw/temples/NewTaipeiCity/danshuei/0110002-CXG
中和協昇廟,新北市中和區灰磘里員山路49號之5,新北市,中和區,中和協昇廟,玄天上帝,道,,24.991499,121.480498,0103054-ZHXSM,https://trfc.tw/temples/NewTaipeiCity/junghe/0103054-ZHXSM
中和九玄宮,新北市中和區新南里景平路493巷12弄臨16號,新北市,中和區,中和九玄宮,玄天上帝,道,,24.997418,121.499057,0103025-ZHJXG,https://trfc.tw/temples/NewTaipeiCity/junghe/0103025-ZHJXG
玄武殿,新北市樹林區西圳街2段97巷19之1號,新北市,樹林區,玄武殿,真武大帝,道,,24.98393258,121.4055991,0107018-XWD,https://trfc.tw/temples/NewTaipeiCity/shulin/0107018-XWD
真武壇,新北市樹林區西圳街2段40巷1號,新北市,樹林區,真武壇,真武大帝,道,,24.98393952,121.4055257,0107018-ZWT,https://trfc.tw/temples/NewTaipeiCity/shulin/0107018-ZWT
中華北極殿,新北市樹林區民和街113巷2號,新北市,樹林區,中華北極殿,北極玄天上帝,道,,24.968678,121.385312,0107022-ZHBJD,https://trfc.tw/temples/NewTaipeiCity/shulin/0107022-ZHBJD
五股玄天宮,新北市五股區更寮里中興路2段9巷8號,新北市,五股區,五股玄天宮,北極玄天上帝,道,,25.073796,121.462701,0115001-WGXTG,https://trfc.tw/temples/NewTaipeiCity/wugu/0115001-WGXTG
九龍順天宮,新北市五股區集賢里凌雲路2段35號之1,新北市,五股區,九龍順天宮,玄天上帝,道,,25.102429,121.443422,0115016-JLSTG,https://trfc.tw/temples/NewTaipeiCity/wugu/0115016-JLSTG
九龍山上帝公廟,新北市石碇區光明里碇南路3段松柏崎巷33號,新北市,石碇區,九龍山上帝公廟,玄天上帝,道,,25.027641,121.68249,0119009-JLSSDGM,https://trfc.tw/temples/NewTaipeiCity/shrding/0119009-JLSSDGM
清慈宮,新北市萬里區雙興里太和11號之3,新北市,萬里區,清慈宮,玄天上帝,道,,25.169655,121.659699,0128008-QCG,https://trfc.tw/temples/NewTaipeiCity/wanli/0128008-QCG
紫皇天乙真慶宮,新北市八里區舊城里中華路2段165巷33號,新北市,八里區,紫皇天乙真慶宮,真武大帝,道,,25.148757,121.405307,0123006-ZQG,https://trfc.tw/temples/NewTaipeiCity/pali/0123006-ZQG
伍天宮,新北市金山區永興里14鄰濆水34號,新北市,金山區,伍天宮,玄天上帝,道,,25.25842,121.625458,0127014-WTG,https://trfc.tw/temples/NewTaipeiCity/jinshan/0127014-WTG
永和聖明宮,新北市永和區秀朗路24巷14號,新北市,永和區,永和聖明宮,玄天上帝,道,,25.002307,121.520491,0104039-SMG,https://trfc.tw/temples/NewTaipeiCity/yunghe/0104039-SMG
北星真武寶殿,新北市三芝區圓山村2坪頂52之3號,新北市,三芝區,,玄天上帝,道教,,25.22167969,121.5462036,,
三重區天武宮,新北市三重區永福街211巷7號(暫厝),新北市,三重區,,玄天上帝,道教,,25.07422066,121.479599,,
新北市五股賀聖宮,新北市五股區新五路三段1號,新北市,五股區,,玄天上帝,道教,,25.08893394,121.4447327,,
保坪宮,新北市坪林區坪林街79號,新北市,坪林區,,玄天上帝,道教,,24.93712997,121.7115021,,
禪靈宮,新北市樹林區田尾街39之2號,新北市,樹林區,,玄天上帝,道教,,24.96243286,121.4092178,,
聖靈宮,新北市淡水區清水街224號,新北市,淡水區,,玄天上帝,道教,,25.17151451,121.4402771,,
玄義宮,新北市石碇區潭邊里9鄰小粗坑15號旁,新北市,石碇區,,真武大帝,道教,,24.98180008,121.6819,,
萬里玄武宮,新北市萬里區雙興里大坪8號,新北市,萬里區,,玄天上帝,道教,,25.16823959,121.6368027,,
受安宮,新北市鶯歌區二甲路61號,新北市,鶯歌區,,玄天上帝,佛教,,24.93334007,121.3349991,,
財團法人新北市鶯歌玄受宮,新北市鶯歌區尖山埔路2段168號,新北市,鶯歌區,,玄天上帝,道教,,24.948855,121.340399,,
龍台宮,新竹市東明街133號,新竹市,東區,龍台宮,玄天上帝,道,,24.804689,120.988016,1801023-LTG,https://trfc.tw/temples/HsinchuCity/east/1801023-LTG
東連宮,新竹市北區新雅里成功路192巷191弄22號之1,新竹市,北區,東連宮,真武大帝,道,,24.811876,120.94749,1802035-DLG,https://trfc.tw/temples/HsinchuCity/northern/1802035-DLG
北極殿,新竹市北區西雅里3鄰中山路344巷14-1號,新竹市,北區,,玄天上帝,道教,,24.801619,120.959319,,
玄天宮,新竹縣竹北市大義里鳳岡路二段150巷186號,新竹縣,竹北市,玄天宮,玄天上帝,道,,24.86105,120.980459,0401017-XTG,https://trfc.tw/temples/HsinchuCounty/jubei/0401017-XTG
收圓新竹廣玄宮,新竹縣寶山鄉深井村9鄰雙林路二段702號,新竹縣,寶山鄉,,北極玄天上帝,道教,,24.732038,120.943832,,
新豐順天理玄天宮,新竹縣新豐鄉忠孝村4鄰忠一街116號,新竹縣,新豐鄉,,北極玄天真武上帝,道教,,24.87762,120.996493,,
內壢保安宮,桃園縣中壢市文化路61號,桃園市,中壢區,內壢保安宮,玄天上帝,道,,24.977007,121.251932,0302056-NLBAG,https://trfc.tw/temples/TaoyuanCity/zhongli/0302056-NLBAG
玉玄宮,桃園縣大溪鎮民權東路31巷9弄16號,桃園市,大溪區,玉玄宮,北極玄天真武上帝,道,,24.882486,121.289998,0303025-YXG,https://trfc.tw/temples/TaoyuanCity/dasi/0303025-YXG
真武殿,桃園縣龜山鄉楓樹村21號,桃園市,龜山區,真武殿,玄天上帝,道,,25.021273,121.337007,0307001-ZWD,https://trfc.tw/temples/TaoyuanCity/gueishan/0307001-ZWD
靈山聖地北靈宮,桃園縣龜山鄉龍壽村大青坑12之1號,桃園市,龜山區,靈山聖地北靈宮,真武大帝,道,,25.01624,121.402339,0307024-LSSDBLG,https://trfc.tw/temples/TaoyuanCity/gueishan/0307024-LSSDBLG
北極安聖宮,桃園縣八德市大強里東勇街490巷72號,桃園市,八德區,北極安聖宮,玄天上帝,道,,24.965312,121.311719,0308031-BJASG,https://trfc.tw/temples/TaoyuanCity/bade/0308031-BJASG
深圳玄天宮,桃園縣新屋鄉深圳村20號,桃園市,新屋區,深圳玄天宮,玄天上帝,道,,24.962255,121.012007,0311018-SZXTG,https://trfc.tw/temples/TaoyuanCity/shinwu/0311018-SZXTG
玄清宮,桃園市大園區北港里14鄰許厝港路632號,桃園市,大園區,,玄天上帝,道教,,25.07599068,121.1713028,,
中壢北星宮,桃園市中壢區水尾里新生路598巷12號,桃園市,中壢區,,北極玄天上帝,道教,,24.970454,121.224738,,
桃園市平鎮廣玄宮,桃園市平鎮區福林里8鄰三興路310巷36號,桃園市,平鎮區,,北極玄天真武上帝,道教,,24.905966,121.218417,,
東甲北極殿,澎湖縣馬公市啟明里啟明街2號,澎湖縣,馬公市,,上帝公、帝爺公、帝公,,,23.564863296716585,119.56687394366632,TWN012731,
山水上帝廟,澎湖縣馬公市山水里20鄰8號,澎湖縣,馬公市,,上帝公,,,23.514489475288816,119.5925249813953,TWN012760,
城北北極殿,澎湖縣湖西鄉城北村9號,澎湖縣,湖西鄉,,上帝公,,,23.5665,119.62281,TWN012870,
沙港土地公前北極殿,澎湖縣湖西鄉沙港村土地公前14號,澎湖縣,湖西鄉,,上帝公,,,23.60533,119.62963,TWN012881,
西溪北極殿,澎湖縣湖西鄉西溪村69號,澎湖縣,湖西鄉,,上帝公,,,23.58373,119.63874,TWN012892,
紅羅北極殿,澎湖縣湖西鄉紅羅村31號,澎湖縣,湖西鄉,,上帝公,,,23.587,119.64303,TWN012900,
鼎灣永安宮,澎湖縣湖西鄉鼎灣村69-1號,澎湖縣,湖西鄉,,上帝公,,,23.5936,119.61528,TWN012901,
井垵北極殿,澎湖縣馬公市井垵里1之17號,澎湖縣,馬公市,,上帝公、帝爺公、帝公,,,23.518828098342112,119.57658653444369,10016010030-jabjid,
財團法人鎖港里北極殿及坤元寺廟會,澎湖縣馬公市鎖港里1491號,澎湖縣,馬公市,,上帝公,,,23.52339766104414,119.60087127335242,1601028-sgbjd,
潭邊玄天上帝廟,無，位於潭邊村西北邊海邊。,澎湖縣,湖西鄉,,上帝公,,,23.601,119.60386,TWN014213,
菓葉玉旨禪玄堂,澎湖縣湖西鄉菓葉村29-3號,澎湖縣,湖西鄉,,上帝公,,1995,23.5794,119.67949,TWN014352,
菓葉北極殿,澎湖縣湖西鄉菓葉村1號,澎湖縣,湖西鄉,,上帝公,,,23.58065,119.67905,1602001-BJD03,
青螺真武殿,澎湖縣湖西鄉青螺村1號,澎湖縣,湖西鄉,,上帝公,,,23.59886534719258,119.64755798020525,1602001-ZWD,
竹灣上帝廟,澎湖縣西嶼鄉竹灣村140-5號,澎湖縣,西嶼鄉,,玄天上帝,,,23.633717,119.519792,TWN012796,
大池治安宮,澎湖縣西嶼鄉大池村3鄰大池角27號,澎湖縣,西嶼鄉,,玄天上帝,,,23.616275919145746,119.50683120367583,TWN012832,
西衛宸威殿,澎湖縣馬公市西衛里12鄰95號,澎湖縣,馬公市,,玄天上帝,,,23.580437716649904,119.5814293571418,TWN012738,
案山北極殿,澎湖縣案山里4鄰1號,澎湖縣,馬公市,,玄天上帝,,,23.557320625203566,119.57868835454323,TWN012757,
鎮湳宮,臺中市豐原區東北街345巷10弄27號,臺中市,豐原區,鎮湳宮,真武大帝,道,,24.262509,120.728969,0601033-ZNG,https://trfc.tw/temples/TaichungCity/fengyuan/0601033-ZNG
武明山玄天上帝廟,臺中市豐原區南陽里南陽路1之1號,臺中市,豐原區,武明山玄天上帝廟,玄天上帝,道,1972,24.246664,120.724356,0601025-WMSXTSDM,https://trfc.tw/temples/TaichungCity/fengyuan/0601025-WMSXTSDM
南勢慶安宮,臺中市沙鹿區南勢里南昌路88巷90號,臺中市,沙鹿區,慶安宮,玄天上帝,道,1855,24.215958,120.562096,0605015-QAG,https://trfc.tw/temples/TaichungCity/shalu/0605015-QAG
犁分崇寧宮,臺中市沙鹿區七賢路423號,臺中市,沙鹿區,崇寧宮,玄天上帝,道,1993,24.243031,120.576745,0605010-CNG,https://trfc.tw/temples/TaichungCity/shalu/0605010-CNG
埔子里祿清宮,臺中市沙鹿區埔子里中棲路13號,臺中市,沙鹿區,祿清宮,玄天上帝,道,1979,24.220757,120.579549,0605013-LQG,https://trfc.tw/temples/TaichungCity/shalu/0605013-LQG
福興里玄聖宮,臺中市沙鹿區福興里永福巷2號,臺中市,沙鹿區,玄聖宮,玄天上帝,道,1969,24.221422,120.558649,0605012-XSG,https://trfc.tw/temples/TaichungCity/shalu/0605012-XSG
北天宮,臺中市太平區中平里中平路156號,臺中市,太平區,北天宮,玄天上帝,道,,24.126086,120.718037,0619003-BTG,https://trfc.tw/temples/TaichungCity/taiping/0619003-BTG
集玄宮,臺中市博館東街15號,臺中市,北區,集玄宮,真武大帝,道,,24.154489,120.666129,1905037-JXG,https://trfc.tw/temples/TaichungCity/north/1905037-JXG
百玄宮,臺中市霧峰區甲寅里德維街5巷5號,臺中市,霧峰區,百玄宮,玄天上帝,道,,24.068829,120.701361,0618003-BXG,https://trfc.tw/temples/TaichungCity/wufeng/0618003-BXG
復興宮,臺中市霧峰區桐林里四鄰暗坑巷28號,臺中市,霧峰區,復興宮,北極玄天上帝,道,,24.053967,120.76373,0618001-FXG,https://trfc.tw/temples/TaichungCity/wufeng/0618001-FXG
福新宮,臺中市霧峰區北勢里丁台路617號,臺中市,霧峰區,福新宮,北極玄天上帝,道,,24.037855,120.666627,0618018-FXG,https://trfc.tw/temples/TaichungCity/wufeng/0618018-FXG
尊天宮,臺中市五權南路370號,臺中市,南區,尊天宮,北極玄天真武上帝,道,1976,24.1247451,120.6748816,1903016-ZTG,https://trfc.tw/temples/TaichungCity/south/1903016-ZTG
萬安宮,臺中市大里區樹王里萬安路78號,臺中市,大里區,萬安宮,北極玄天上帝,道,,24.107676,120.667288,0620003-WAG,https://trfc.tw/temples/TaichungCity/dali/0620003-WAG
臺中市大里區竹仔坑竹興宮,臺中市大里區健民里健行路224號,臺中市,大里區,竹興宮,玄天上帝,道,,24.088592,120.734291,0620015-ZXG,https://trfc.tw/temples/TaichungCity/dali/0620015-ZXG
奉天宮,臺中市龍井區龍津里柯寮路191巷16號,臺中市,龍井區,奉天宮,北極玄天上帝,道,,24.20158,120.519274,0617007-FTG,https://trfc.tw/temples/TaichungCity/lungjing/0617007-FTG
聖玄宮,臺中市龍井區龍津里中央路1段126之1,臺中市,龍井區,聖玄宮,玄天上帝,道,,24.20158,120.519274,0617007-SXG,https://trfc.tw/temples/TaichungCity/lungjing/0617007-SXG
進化宮,臺中市梧棲區永寧里永寧路36巷45號,臺中市,梧棲區,進化宮,玄天上帝,道,,24.231652,120.55065,0605020-JHG,https://trfc.tw/temples/TaichungCity/wuchi/0605020-JHG
永元宮,臺中市梧棲區中央路1段99號之8,臺中市,梧棲區,永元宮,玄天上帝,道,1946,24.247974,120.539423,0606010-YYG,https://trfc.tw/temples/TaichungCity/wuchi/0606010-YYG
朝天宮,臺中市烏日區三和里中山路3段青仔巷124號,臺中市,烏日區,朝天宮,玄天上帝,道,1963,24.107818,120.606589,0615003-ZTG,https://trfc.tw/temples/TaichungCity/wurih/0615003-ZTG
保安宮,臺中市大肚區永和里永和街31號,臺中市,大肚區,保安宮,玄天上帝,道,,24.149132,120.542977,0616009-BAG,https://trfc.tw/temples/TaichungCity/dadu/0616009-BAG
朝陽宮,臺中市大雅區秀山里上山路220號,臺中市,大雅區,朝陽宮,玄天上帝,道,,24.219625,120.63316,0610004-ZYG,https://trfc.tw/temples/TaichungCity/daya/0610004-ZYG
北玄宮,臺中市新社區復盛里大復街54-1號,臺中市,新社區,北玄宮,玄天上帝,道,,24.221704,120.810552,0611002-BXG,https://trfc.tw/temples/TaichungCity/shinshe/0611002-BXG
北天直轄院,臺中市新社區福興里2鄰福民1號,臺中市,新社區,北天直轄院,北極玄天真武上帝,道,,24.135252,120.878603,0611013-BTZXY,https://trfc.tw/temples/TaichungCity/shinshe/0611013-BTZXY
梧棲三玄宮,臺中市梧棲區青年路1巷70弄72號,臺中市,梧棲區,,北極玄天上帝,道教,,24.23616028,120.5521011,,
玄靈道院,臺中市霧峰區豐正路327號,臺中市,霧峰區,,玄天上帝,道教,,24.14476013,120.6794968,,
福天宮,臺中市石岡區梅子里豐勢路和順巷13之1號,臺中市,石岡區,,北極玄天上帝,道教,,24.27388954,120.8076019,,
財團法人台中市西屯玉玄宮,臺中市西屯區福和里玉寶路161號,臺中市,西屯區,,玄天上帝,道教,,24.177822,120.620566,,
北投天保宮,臺北市中和街446巷74號,臺北市,北投區,北投天保宮,玄天上帝,道,,25.14487145,121.485433,63012032-BTTBG,https://trfc.tw/temples/TaipeiCity/beitou/63012032-BTTBG
石牌玄帝宮,臺北市自強街31巷40號,臺北市,北投區,石牌玄帝宮,玄天上帝,道,,25.11163343,121.5124591,63012004-SPXDG,https://trfc.tw/temples/TaipeiCity/beitou/63012004-SPXDG
財團法人台北市金萬成團,臺北市民權西路184巷1號,臺北市,大同區,財團法人台北市金萬成團,玄天上帝,道,,25.06244662,121.5147671,63006013-JWCT,https://trfc.tw/temples/TaipeiCity/datong/63006013-JWCT
財團法人台北市真武殿,臺北市西昌街38、40號,臺北市,萬華區,財團法人台北市真武殿,玄天上帝,道,,25.04231292,121.5006429,63007007-ZWD,https://trfc.tw/temples/TaipeiCity/wanhua/63007007-ZWD
明山寺福天宮,臺北市中山區北安里劍南路648巷12號,臺北市,中山區,,玄天上帝,道教,,25.08632088,121.5535965,,
開基靈祐宮,臺南市中西區赤崁東街86號,臺南市,中西區,開基靈祐宮,玄天上帝,道,1671,22.99806501,120.203577,2108005-KJLYG,https://trfc.tw/temples/TainanCity/westcentral/2108005-KJLYG
北極殿,臺南市中西區民權路二段89號,臺南市,中西區,北極殿,玄天上帝,道,1661,22.99498499,120.203402,2108018-BJD,https://trfc.tw/temples/TainanCity/westcentral/2108018-BJD
和勝堂,臺南市中西區國華街三段245巷62號,臺南市,中西區,和勝堂,玄天上帝,道,1947,22.99936898,120.199265,2108021-HST,https://trfc.tw/temples/TainanCity/westcentral/2108021-HST
聚福宮,臺南市中西區民族路三段51號,臺南市,中西區,聚福宮,玄天上帝,道,1882,22.99819803,120.198098,2108021-JFG,https://trfc.tw/temples/TainanCity/westcentral/2108021-JFG
玄明保安宮,臺南市中西區西門路二段307巷27號,臺南市,中西區,玄明保安宮,玄天上帝,道,1914,22.99694301,120.199222,2108021-XMBAG,https://trfc.tw/temples/TainanCity/westcentral/2108021-XMBAG
集福宮,臺南市中西區信義街83號,臺南市,中西區,集福宮,玄天上帝,道,1736,23.00054203,120.194818,2108035-JFG,https://trfc.tw/temples/TainanCity/westcentral/2108035-JFG
崇福宮,臺南市中西區民族路三段119號,臺南市,中西區,崇福宮,玄天上帝,道,,22.998643,120.196277,2108036-CFG,https://trfc.tw/temples/TainanCity/westcentral/2108036-CFG
中洲明聖殿,臺南市白河區崁頭里5鄰46號,臺南市,白河區,中洲明聖殿,玄天上帝,道,1966,23.329784,120.426817,1103009-ZZMSD,https://trfc.tw/temples/TainanCity/baihe/1103009-ZZMSD
三間厝全安宮,臺南市白河區昇安里3鄰三間厝39號,臺南市,白河區,全安宮,玄天上帝,道,1797,23.364316,120.429717,1103020-QAG,https://trfc.tw/temples/TainanCity/baihe/1103020-QAG
汴頭寶安宮,臺南市白河區汴頭里7鄰17之1號,臺南市,白河區,寶安宮,玄天上帝,道,1965,23.370297,120.455674,1103021-BAG,https://trfc.tw/temples/TainanCity/baihe/1103021-BAG
枋仔林上帝廟,臺南市白河區汴頭里9鄰內枋林20號,臺南市,白河區,上帝廟,玄天上帝,道,1979,23.367087,120.451543,1103021-SDM,https://trfc.tw/temples/TainanCity/baihe/1103021-SDM
北極玄天宮,臺南市佳里區鎮山里仁愛路300號,臺南市,佳里區,北極玄天宮,玄天上帝,道,1803,23.154013,120.179377,1112003-BJXTG,https://trfc.tw/temples/TainanCity/jiali/1112003-BJXTG
天玄宮,臺南市佳里區民安里新宅36號,臺南市,佳里區,天玄宮,玄天上帝,道,1986,23.183415,120.194986,1112019-TXG,https://trfc.tw/temples/TainanCity/jiali/1112019-TXG
玉天宮,臺南市永康區永二街網寮里245巷47號,臺南市,永康區,玉天宮,玄天上帝,道,1935,23.013354,120.25135,1131002-YTG,https://trfc.tw/temples/TainanCity/yungkang/1131002-YTG
慈雲玄聖宮,臺南市永康區南灣街南灣里118號,臺南市,永康區,慈雲玄聖宮,玄天上帝,道,,23.004838,120.262166,1131015-CYXSG,https://trfc.tw/temples/TainanCity/yungkang/1131015-CYXSG
大灣聖巡北極殿,臺南市永康區南灣里立興街74巷2號,臺南市,永康區,聖巡北極殿,玄天上帝,道,1921,23.003132,120.263865,1131015-SXBJD,https://trfc.tw/temples/TainanCity/yungkang/1131015-SXBJD
玄武宮,臺南市永康區大灣路崑山里891巷132弄70號,臺南市,永康區,玄武宮,玄天上帝,道,1987,22.992228,120.250786,1131016-XWG,https://trfc.tw/temples/TainanCity/yungkang/1131016-XWG
五塊厝北極殿,臺南市麻豆區安西里4鄰安業227號,臺南市,麻豆區,五塊厝北極殿,玄天上帝,道,1971,23.159902,120.242409,1107023-BJD,https://trfc.tw/temples/TainanCity/madou/1107023-BJD
安業北極殿,臺南市麻豆區安東里8鄰安業119號,臺南市,麻豆區,安業北極殿,玄天上帝,道,1974,23.162187,120.247182,1107029-BJD,https://trfc.tw/temples/TainanCity/madou/1107029-BJD
菱洲宮,臺南市北區成功路524號,臺南市,北區,菱洲宮,玄天上帝,道,1851,23.001414,120.196207,2104044-LZG,https://trfc.tw/temples/TainanCity/north/2104044-LZG
聖武宮,臺南市北區文成路成德里193號,臺南市,北區,聖武宮,玄天上帝,道,2007,23.01307197,120.203315,2104056-SWG,https://trfc.tw/temples/TainanCity/north/2104056-SWG
武玄宮,臺南市東區崇學里崇明10街70巷6號,臺南市,東區,武玄宮,玄天上帝,道,1981,22.97633501,120.221925,2101006-WXG,https://trfc.tw/temples/TainanCity/east/2101006-WXG
台南後甲北極殿,臺南市東區裕農路621巷71號,臺南市,東區,台南後甲北極殿,玄天上帝,道,1985,22.99085297,120.234249,2101013-TNHJBJD,https://trfc.tw/temples/TainanCity/east/2101013-TNHJBJD
德高厝上帝廟,臺南市東區城東街28號,臺南市,東區,德高厝上帝廟,玄天上帝,道,1796,22.966065,120.234944,2101036-DGCSDM,https://trfc.tw/temples/TainanCity/east/2101036-DGCSDM
竹圍北極殿,臺南市玉井區竹圍里138號,臺南市,玉井區,竹圍北極殿,玄天上帝,道,1717,23.138533,120.47963,1123001-ZWBJD,https://trfc.tw/temples/TainanCity/yujing/1123001-ZWBJD
北極殿,臺南市玉井區鹿陶段76號之5,臺南市,玉井區,北極殿,玄天上帝,道,1774,23.14100244,120.4783099,1123004-BJD,https://trfc.tw/temples/TainanCity/yujing/1123004-BJD
玉井北極殿,臺南市玉井區中正路玉井里102號,臺南市,玉井區,玉井北極殿,玄天上帝,道,1717,23.124282,120.461285,1123004-WJBJD,https://trfc.tw/temples/TainanCity/yujing/1123004-WJBJD
豐里上帝廟,臺南市玉井區豐里里13鄰135號,臺南市,玉井區,豐里上帝廟,玄天上帝,道,1855,23.144016,120.442082,1123010-FLSDM,https://trfc.tw/temples/TainanCity/yujing/1123010-FLSDM
北極殿,臺南市仁德區文華路209巷9弄26號,臺南市,仁德區,北極殿,玄天上帝,道,1700,22.962424,120.240332,1127004-BJD,https://trfc.tw/temples/TainanCity/rende/1127004-BJD
九肉北極殿,臺南市仁德區新田二街新田里118巷15號,臺南市,仁德區,九肉北極殿,玄天上帝,道,1973,22.958192,120.268336,1127006-JRBJD,https://trfc.tw/temples/TainanCity/rende/1127006-JRBJD
大甲北極殿,臺南市仁德區行大二街二行里49號,臺南市,仁德區,大甲北極殿,玄天上帝,道,1822,22.917177,120.21724,1127015-DJBJD,https://trfc.tw/temples/TainanCity/rende/1127015-DJBJD
仁德北極殿,臺南市仁德區中洲里381之22號,臺南市,仁德區,仁德北極殿,玄天上帝,道,2009,22.90727001,120.254227,1127017-RDBJD,https://trfc.tw/temples/TainanCity/rende/1127017-RDBJD
玄天宮,臺南市仁德區中洲里333號,臺南市,仁德區,玄天宮,玄天上帝,道,1996,22.906831,120.252193,1127017-XTG,https://trfc.tw/temples/TainanCity/rende/1127017-XTG
朝天宮代安府,臺南市南區喜樹路340巷81號,臺南市,南區,朝天宮代安府,玄天上帝,道,1978,22.94144198,120.175997,2102019-ZTG,http://188.166.188.237:8201/crgis/temples/TainanCity/south/2102019-ZTG
桶盤淺朝玄宮,臺南市南區大同路二段482巷41號,臺南市,南區,桶盤淺朝玄宮,玄天上帝,道,1993,22.97257204,120.213416,2102029-TPQZXG,http://188.166.188.237:8201/crgis/temples/TainanCity/south/2102029-TPQZXG
鹽埕北極殿,臺南市南區鹽埕路159巷1號,臺南市,南區,鹽埕北極殿,玄天上帝,道,1684,22.96878501,120.188585,2102013-YCBJD,http://188.166.188.237:8201/crgis/temples/TainanCity/south/2102013-YCBJD
北極真武殿,臺南市南區公英一街64號,臺南市,南區,北極真武殿,玄天上帝,道,1975,22.97050204,120.213081,2102030-BJZWD,http://188.166.188.237:8201/crgis/temples/TainanCity/south/2102030-BJZWD
關廟玄武殿,臺南市關廟區關廟村民生街117號,臺南市,關廟區,關廟玄武殿,玄天上帝,道,1941,22.957791,120.325479,1129001-GMXWT,https://trfc.tw/temples/TainanCity/guanmiau/1129001-GMXWT
關廟玄武壇,臺南市關廟區文衡路山西里9鄰197號,臺南市,關廟區,玄武壇,玄天上帝,道,,22.966259,120.326048,1129002-XWT,https://trfc.tw/temples/TainanCity/guanmiau/1129002-XWT
上帝公壇,臺南市關廟區園中街南花里3號,臺南市,關廟區,上帝公壇,玄天上帝,道,,22.961836,120.334423,1129003-SDGT,https://trfc.tw/temples/TainanCity/guanmiau/1129003-SDGT
玄天上帝壇,臺南市關廟區關新路一段埤頭里746號,臺南市,關廟區,埤頭北極殿,玄天上帝,道,,22.99349,120.308943,1129016-XTSDT,https://trfc.tw/temples/TainanCity/guanmiau/1129016-XTSDT
過港福安宮,臺南市學甲區光華里8鄰過港子65之1號,臺南市,學甲區,過港福安宮,玄天上帝,道,1946,23.243617,120.16656,1113019-FAG,https://trfc.tw/temples/TainanCity/shiuejia/1113019-FAG
上帝廟,臺南市新化區民生路東榮里13鄰43號,臺南市,新化區,上帝廟,玄天上帝,道,1817,23.035331,120.311417,1118005-SDM,https://trfc.tw/temples/TainanCity/sinhua/1118005-SDM
大庄北極殿,臺南市東山區大庄大客里1鄰5號,臺南市,東山區,大庄北極殿,玄天上帝,道,1679,23.31032201,120.40963,1106005-DZBJD,https://trfc.tw/temples/TainanCity/dungshan/1106005-DZBJD
北極殿,臺南市歸仁區南保里48號,臺南市,歸仁區,北極殿,玄天上帝,道,1707,22.9696722,120.2844427,1128001-BJD,https://trfc.tw/temples/TainanCity/guiren/1128001-BJD
六甲北極殿,臺南市歸仁區六甲里民生十二街59巷1號,臺南市,歸仁區,六甲北極殿,玄天上帝,道,1991,22.954485,120.277813,1128002-LJBJD,https://trfc.tw/temples/TainanCity/guiren/1128002-LJBJD
灣厝北極殿,臺南市歸仁區新厝里大成二街16鄰30號,臺南市,歸仁區,灣厝北極殿,玄天上帝,道,2008,22.963639,120.293264,1128012-WCBJD,https://trfc.tw/temples/TainanCity/guiren/1128012-WCBJD
武當山廟,臺南市歸仁區武東里武東二街42巷200號,臺南市,歸仁區,武當山廟,玄天上帝,道,1736,22.917312,120.280391,1128012-WDSM,https://trfc.tw/temples/TainanCity/guiren/1128012-WDSM
歸南北極殿,臺南市歸仁區南興村文化街3段612號,臺南市,歸仁區,北極殿,玄天上帝,道,1707,22.970793,120.274425,1128018-BJD,https://trfc.tw/temples/TainanCity/guiren/1128018-BJD
崛仔頭玄天宮,臺南市西港區西港里25鄰堀子頭46之1號,臺南市,西港區,玄天宮(崛仔頭),玄天上帝,道,1965,23.11801685,120.2050527,1114001-XTG,https://trfc.tw/temples/TainanCity/shigang/1114001-XTG
太西北極殿,臺南市西港區太西檨林里13鄰4之2號,臺南市,西港區,太西北極殿,玄天上帝,道,1626,23.14204932,120.2283107,1114004-XTBJD,https://trfc.tw/temples/TainanCity/shigang/1114004-XTBJD
溪埔寮北極殿,臺南市西港區新復里8鄰溪埔寮1之30號,臺南市,西港區,北極殿(溪埔寮),玄天上帝,道,1983,23.08791716,120.1861888,1114011-XPBJD,https://trfc.tw/temples/TainanCity/shigang/1114011-XPBJD
百二甲天甲殿,臺南市善化區胡厝里,臺南市,善化區,,玄天上帝,道,,23.13721918,120.2687866,1119010-BEJTJD,https://trfc.tw/temples/TainanCity/shanhua/1119010-BEJTJD
溪尾隆安宮,臺南市善化區溪美里溪尾72號,臺南市,善化區,隆安宮,玄天上帝,道,,23.151467,120.283785,1119012-LAG,https://trfc.tw/temples/TainanCity/shanhua/1119012-LAG
生武宮,臺南市善化區溪美里1鄰溪尾965-1號,臺南市,善化區,生武宮,玄天上帝,道,,23.141628,120.28835,1119012-SWG,https://trfc.tw/temples/TainanCity/shanhua/1119012-SWG
上帝廟,臺南市鹽水區土庫水秀里2鄰24號,臺南市,鹽水區,上帝廟,玄天上帝,道,1740,23.323094,120.27787,1102001-SDM,https://trfc.tw/temples/TainanCity/yanshuei/1102001-SDM
北帝殿,臺南市鹽水區橋南街橋南里7號,臺南市,鹽水區,北帝殿,玄天上帝,道,,23.316818,120.267913,1102008-BDD,https://trfc.tw/temples/TainanCity/yanshuei/1102008-BDD
天德宮,臺南市鹽水區舊營里5鄰116號,臺南市,鹽水區,天德宮,玄天上帝,道,1851,23.299096,120.257256,1102009-TDG,https://trfc.tw/temples/TainanCity/yanshuei/1102009-TDG
玄天上帝廟,臺南市後壁區頂安里9鄰92號之50,臺南市,後壁區,玄天上帝廟,玄天上帝,道,1995,23.333327,120.353014,1105012-XTSDM,https://trfc.tw/temples/TainanCity/houbi/1105012-XTSDM
佛聖壇,臺南市後壁區平安里4鄰51之1號,臺南市,後壁區,佛聖壇,玄天上帝,道,,23.363841,120.334564,1105022-FST,https://trfc.tw/temples/TainanCity/houbi/1105022-FST
靈殿宮,臺南市後壁區魚寮平安里9鄰12號,臺南市,後壁區,靈殿宮,玄天上帝,道,1748,23.369996,120.338104,1105022-LDG,https://trfc.tw/temples/TainanCity/houbi/1105022-LDG
平安鎮安堂,臺南市後壁區平安里5鄰58之5號,臺南市,後壁區,平安鎮安堂,玄天上帝,道,,23.363473,120.333467,1105022-PAZAT,https://trfc.tw/temples/TainanCity/houbi/1105022-PAZAT
北極殿,臺南市新市區新和里14號,臺南市,新市區,北極殿,玄天上帝,道,,23.0757963,120.2902105,1120002-BJD,https://trfc.tw/temples/TainanCity/shinshr/1120002-BJD
福壽巷北極殿,臺南市新市區新和里富林路269號,臺南市,新市區,福壽巷北極殿,玄天上帝,道,1926,23.080241,120.290569,1120003-FSXBJD,https://trfc.tw/temples/TainanCity/shinshr/1120003-FSXBJD
豐榮北極殿,臺南市新市區大營里豐榮55號,臺南市,新市區,豐榮北極殿,玄天上帝,道,1917,23.08852,120.305079,1120007-FRBJD,https://trfc.tw/temples/TainanCity/shinshr/1120007-FRBJD
東勢北極殿,臺南市新市區大社里9鄰288號,臺南市,新市區,東勢北極殿,玄天上帝,道,1718,23.091719,120.32136,1120008-DSBJD,https://trfc.tw/temples/TainanCity/shinshr/1120008-DSBJD
大社西興北極殿,臺南市新市區大社里24鄰871號,臺南市,新市區,大社西興北極殿,玄天上帝,道,1921,23.086722,120.31398,1120008-DSXXBJD,https://trfc.tw/temples/TainanCity/shinshr/1120008-DSXXBJD
福德廟,臺南市新市區大社里248號,臺南市,新市區,福德廟,玄天上帝,道,1902,23.09292587,120.330051,1120008-FDM,https://trfc.tw/temples/TainanCity/shinshr/1120008-FDM
後店北極殿,臺南市新市區大社里409號,臺南市,新市區,後店北極殿,玄天上帝,道,1698,23.093494,120.317535,1120008-HDBJD,https://trfc.tw/temples/TainanCity/shinshr/1120008-HDBJD
頂港北極殿,臺南市新市區港墘里大同街1鄰49號,臺南市,新市區,頂港北極殿,玄天上帝,道,1974,23.083201,120.30137,1120010-DGBJD,https://trfc.tw/temples/TainanCity/shinshr/1120010-DGBJD
南港墘北極殿,臺南市新市區港墘里22鄰華美11號,臺南市,新市區,南港墘北極殿(原寺廟登記為南港墘土地公廟),玄天上帝,道,1989,23.075273,120.298259,1120010-NGQTDGM,https://trfc.tw/temples/TainanCity/shinshr/1120010-NGQTDGM
六興堂,臺南市下營區新興里東興一街125巷5號,臺南市,下營區,六興堂,玄天上帝,道,,23.237909,120.265764,1108005-LXT,https://trfc.tw/temples/TainanCity/shiaying/1108005-LXT
西寮代天府,臺南市下營區西連里西寮6鄰14-1號,臺南市,下營區,西寮代天府,玄天上帝,道,,23.208329,120.262868,1108012-XLDTF,https://trfc.tw/temples/TainanCity/shiaying/1108012-XLDTF
洲子北極殿,臺南市下營區賀建里洲子15鄰34之1號,臺南市,下營區,洲子北極殿,玄天上帝,道,1964,23.248551,120.28926,1108013-ZZBJD,https://trfc.tw/temples/TainanCity/shiaying/1108013-ZZBJD
意慈宮,臺南市新營區東山路88之1號,臺南市,新營區,意慈宮,玄天上帝,道,1974,23.308672,120.327417,1101009-YCG,https://trfc.tw/temples/TainanCity/shinying/1101009-YCG
真武殿,臺南市新營區南興里延平路112號,臺南市,新營區,真武殿,玄天上帝,道,1855,23.299659,120.313198,1101012-ZWD,https://trfc.tw/temples/TainanCity/shinying/1101012-ZWD
角秀北極殿,臺南市官田區二區里15鄰角秀7號,臺南市,官田區,角秀北極殿,玄天上帝,道,1748,23.212734,120.339602,1110002-JXBJD,https://trfc.tw/temples/TainanCity/guantian/1110002-JXBJD
北極宮,臺南市官田區東庄里16鄰東庄3號,臺南市,官田區,北極宮,玄天上帝,道,1968,23.187878,120.301097,1110009-BJG,https://trfc.tw/temples/TainanCity/guantian/1110009-BJG
武當山廟,臺南市龍崎區崎頂里18鄰水坑2號,臺南市,龍崎區,武當山廟,玄天上帝,道,1668,22.979405,120.388737,1130001-WDSM,https://trfc.tw/temples/TainanCity/lungchi/1130001-WDSM
賢明壇,臺南市龍崎區楠坑里7鄰小湖子15之1號,臺南市,龍崎區,賢明壇,玄天上帝,道,,22.918344,120.356993,1130004-XMT,https://trfc.tw/temples/TainanCity/lungchi/1130004-XMT
北極殿,臺南市六甲區忠孝街甲東里17鄰106號,臺南市,六甲區,北極殿,玄天上帝,道,1934,23.227947,120.354506,1109002-BJD,https://trfc.tw/temples/TainanCity/lioujia/1109002-BJD
二甲玄武殿,臺南市六甲區民權街二甲里215號,臺南市,六甲區,二甲玄武殿,玄天上帝,道,1970,23.228629,120.345569,1109006-EJXWD,https://trfc.tw/temples/TainanCity/lioujia/1109006-EJXWD
竹坑北極殿,臺南市大內區石湖里8鄰305號,臺南市,大內區,竹坑北極殿,玄天上帝,道,1988,23.127846,120.353312,1111001-ZKBJD,https://trfc.tw/temples/TainanCity/danei/1111001-ZKBJD
後堀福安宮,臺南市大內區內郭里8鄰24號,臺南市,大內區,後堀福安宮,玄天上帝,道,1923,23.117612,120.372196,1111006-HJFAG,https://trfc.tw/temples/TainanCity/danei/1111006-HJFAG
大匏崙北極殿,臺南市大內區二溪里8鄰二重溪217號,臺南市,大內區,北極殿,玄天上帝,道,1997,23.139366,120.400999,1111009-BJD,https://trfc.tw/temples/TainanCity/danei/1111009-BJD
北天宮,臺南市大內區曲溪里12鄰116號,臺南市,大內區,北天宮,玄天上帝,道,1900,23.119792,120.389177,1111010-BTG,https://trfc.tw/temples/TainanCity/danei/1111010-BTG
林厝北玄宮,臺南市安定區蘇林里9鄰104號,臺南市,安定區,北玄宮,玄天上帝,道,,23.130794,120.255447,1121001-BXG,https://trfc.tw/temples/TainanCity/anding/1121001-BXG
北極宮,臺南市將軍區長榮里12鄰192之2號,臺南市,將軍區,北極宮,玄天上帝,道,1995,23.194234,120.156369,1116001-BJG,https://trfc.tw/temples/TainanCity/jiangjiun/1116001-BJG
大腳腿真武宮,臺南市柳營區義士路一段452號,臺南市,柳營區,大腳腿真武宮,玄天上帝,道,1948,23.282402,120.374829,1104010-DJTZWG,https://trfc.tw/temples/TainanCity/liouying/1104010-DJTZWG
北安宮,臺南市柳營區神農里新厝37-1號,臺南市,柳營區,北安宮,玄天上帝,道,1984,23.260998,120.347934,1104011-BAG,https://trfc.tw/temples/TainanCity/liouying/1104011-BAG
北極殿,臺南市左鎮區中正里171-3號,臺南市,左鎮區,北極殿,玄天上帝,道,1976,23.056889,120.408175,1126004-BJD,https://trfc.tw/temples/TainanCity/tzuojen/1126004-BJD
玄天上帝廟,臺南市楠西區民族路楠西里102號,臺南市,楠西區,玄天上帝廟,玄天上帝,道,1817,23.178352,120.482834,1124001-XTSDM,https://trfc.tw/temples/TainanCity/nanshi/1124001-XTSDM
下營上帝廟,臺南市下營區下營里19鄰中山路1段1號,臺南市,下營區,下營上帝廟,玄天上帝,道,1661,23.234739,120.261034,1108005-XYSDM,https://trfc.tw/temples/TainanCity/shiaying/1108005-XYSDM
大灣伍風宮,臺南市永康區大灣5街93巷92號,臺南市,永康區,,玄天上帝,道教,,23.00675964,120.2636566,,
玄虎宮,臺南市仁德區中洲七街190巷160號,臺南市,仁德區,,玄天上帝,道教,,22.905007,120.249185,,
真武宮,臺南市永康區勝利里勝學路116號,臺南市,永康區,,玄天上帝,道教,,23.003483,120.231259,,
玄武觀,臺東縣卑南鄉賓朗村後湖78號,臺東縣,卑南鄉,,北極玄天上帝,道教,,22.8116436,121.0968018,,
北極宮,臺東縣臺東市富貴街86號,臺東縣,臺東市,北極宮,玄天上帝,道,,22.705664,121.037792,1401043-BJG,https://trfc.tw/temples/TaitungCounty/taitung/1401043-BJG
鳳凰宮,臺東縣臺東市山西路2段110號,臺東縣,臺東市,鳳凰宮,玄天上帝,道,,22.754614,121.10214,1401035-FHG,https://trfc.tw/temples/TaitungCounty/taitung/1401035-FHG
安南宮,臺東縣臺東市中興路6段754巷18號,臺東縣,臺東市,安南宮,北極玄天上帝,道,,22.767364,121.133707,1401010-ANG,https://trfc.tw/temples/TaitungCounty/taitung/1401010-ANG
北極殿,臺東縣臺東市精誠路190號,臺東縣,臺東市,北極殿,玄天上帝,佛,,22.753463,121.156325,1401022-BJD,https://trfc.tw/temples/TaitungCounty/taitung/1401022-BJD
武安宮,臺東縣臺東市博愛路498巷16號,臺東縣,臺東市,武安宮,北極玄天上帝,道,,22.754442,121.144267,1401036-WAG,https://trfc.tw/temples/TaitungCounty/taitung/1401036-WAG
志賢宮,臺東縣卑南鄉美農村22林班鳩130號,臺東縣,卑南鄉,志賢宮,玄天上帝,道,,22.838335,121.096564,1404007-ZXG,https://trfc.tw/temples/TaitungCounty/beinan/1404007-ZXG
北極玄天宮,臺東縣池上鄉富興村3鄰34-1號,臺東縣,池上鄉,北極玄天宮,玄天上帝,道,,23.098474,121.236882,1406006-BJXTG,https://trfc.tw/temples/TaitungCounty/chrshang/1406006-BJXTG
北源村東興宮,臺東縣東河鄉北源村43林德高老24號,臺東縣,東河鄉,北源村東興宮,玄天上帝,道,,23.00208,121.251191,1407001-DXG,https://trfc.tw/temples/TaitungCounty/tonghe/1407001-DXG
台東縣鹿野鄉源聖宮,臺東縣鹿野鄉瑞隆村佑民路9號,臺東縣,鹿野鄉,台東縣鹿野鄉源聖宮,北極玄天真武上帝,道,,22.816196,121.05071,1404009-YSG,https://trfc.tw/temples/TaitungCounty/luye/1404009-YSG
東漢宮,臺東縣成功鎮新生路45號,臺東縣,成功鎮,東漢宮,北極玄天真武上帝,道,,23.10287,121.378003,1402005-DHG,https://trfc.tw/temples/TaitungCounty/chenggung/1402005-DHG
醒天宮,臺東縣大武鄉尚武村朝庸路20號,臺東縣,大武鄉,醒天宮,玄天上帝,道,,22.342484,120.896471,1410004-XTG,https://trfc.tw/temples/TaitungCounty/dawu/1410004-XTG
太昌玄武宮,花蓮縣吉安鄉太昌村明義六街2號,花蓮縣,吉安鄉,太昌玄武宮,玄天上帝,道,,23.99618,121.558557,1505003-TCXWG,https://trfc.tw/temples/HualienCounty/jian/1505003-TCXWG
受天宮,花蓮縣花蓮市國富一街6號,花蓮縣,吉安鄉,受天宮,玄天上帝,道,,23.98795,121.596999,1505001-STG,https://trfc.tw/temples/HualienCounty/jian/1505001-STG
慶天宮,花蓮縣吉安鄉慶豐村3段390號,花蓮縣,吉安鄉,慶天宮,玄天上帝,道,,23.983559,121.562688,1505005-QTG,https://trfc.tw/temples/HualienCounty/jian/1505005-QTG
志學北極受天宮,花蓮縣壽豐鄉志學村中正路52巷23號,花蓮縣,壽豐鄉,志學北極受天宮,玄天上帝,道,,23.905867,121.532737,1506011-ZXBJSTG,https://trfc.tw/temples/HualienCounty/shoufeng/1506011-ZXBJSTG
東里北極壇,花蓮縣富里鄉東里村秀昇路47之1號,花蓮縣,富里鄉,東里北極壇,玄天上帝,道,,23.257458,121.325569,1510002-DLBJT,https://trfc.tw/temples/HualienCounty/fuli/1510002-DLBJT
武安宮,花蓮縣新城鄉北埔村樹林街3號,花蓮縣,新城鄉,武安宮,玄天上帝,道,,24.043225,121.598282,1504004-WAG,https://trfc.tw/temples/HualienCounty/shincheng/1504004-WAG
奉天宮,花蓮縣光復鄉大全村大全街41巷12號,花蓮縣,光復鄉,奉天宮,玄天上帝,道,,23.654652,121.413275,1507007-FTG,https://trfc.tw/temples/HualienCounty/guangfu/1507007-FTG
花蓮光復三玄宮,花蓮縣光復鄉大平村成功街178號,花蓮縣,光復鄉,花蓮光復三玄宮,玄天上帝,道,,23.673279,121.427456,1507002-HLGFSXG,https://trfc.tw/temples/HualienCounty/guangfu/1507002-HLGFSXG
豐濱崑崙受天宮,花蓮縣豐濱鄉豐濱村新豐15號,花蓮縣,豐濱鄉,豐濱崑崙受天宮,真武大帝,道,,23.590322,121.479895,1508001-FBKLSTG,https://trfc.tw/temples/HualienCounty/fengbin/1508001-FBKLSTG
花蓮縣吉安鄉北天宮,花蓮縣吉安鄉光華村華城二街201巷12號,花蓮縣,吉安鄉,,玄天上帝,道教,,23.9253,121.566765,,
全天宮,苗栗縣竹南鎮開元里1鄰開元路488號,苗栗縣,竹南鎮,全天宮,玄天上帝,道,,24.67917,120.865765,0504015-QTG,https://trfc.tw/temples/MiaoliCounty/zhunan/0504015-QTG
南天宮,苗栗縣竹南鎮大厝里6鄰開元路132號,苗栗縣,竹南鎮,南天宮,玄天上帝,道,,24.680486,120.870918,0504005-NTG,https://trfc.tw/temples/MiaoliCounty/zhunan/0504005-NTG
公館北龍宮,苗栗縣竹南鎮公館里6鄰70之1號,苗栗縣,竹南鎮,公館北龍宮,玄天上帝,道,,24.658542,120.871426,0504018-GGBLG,https://trfc.tw/temples/MiaoliCounty/zhunan/0504018-GGBLG
紫雲宮,苗栗縣後龍鎮新民里30號,苗栗縣,後龍鎮,紫雲宮,玄天上帝,道,,24.61486,120.816872,0506008-ZYG,https://trfc.tw/temples/MiaoliCounty/houlung/0506008-ZYG
埔頂上帝宮,苗栗縣後龍鎮埔頂里76號,苗栗縣,後龍鎮,埔頂上帝宮,玄天上帝,道,,24.621207,120.818308,0506008--PDSDG,https://trfc.tw/temples/MiaoliCounty/houlung/0506008--PDSDG
北極宮,苗栗縣後龍鎮灣寶里124號,苗栗縣,後龍鎮,北極宮,玄天上帝,道,,24.643853,120.812564,0506013-BJG,https://trfc.tw/temples/MiaoliCounty/houlung/0506013-BJG
北帝宮,苗栗縣後龍鎮北龍里107之6號,苗栗縣,後龍鎮,北帝宮,玄天上帝,道,,24.617198,120.79174,0506003-BDG,https://trfc.tw/temples/MiaoliCounty/houlung/0506003-BDG
聖玄宮,苗栗縣後龍鎮灣寶里76號,苗栗縣,後龍鎮,聖玄宮,玄天上帝,道,,24.643853,120.812564,0506013-SXG,https://trfc.tw/temples/MiaoliCounty/houlung/0506013-SXG
長安宮,苗栗縣後龍鎮三民路138號,苗栗縣,後龍鎮,長安宮,真武大帝,道,,24.613792,120.786638,0506002-CAG,https://trfc.tw/temples/MiaoliCounty/houlung/0506002-CAG
真武宮,苗栗縣後龍鎮海寶里125之1號,苗栗縣,後龍鎮,真武宮,玄天上帝,道,,24.662602,120.824051,0506014-ZWG,https://trfc.tw/temples/MiaoliCounty/houlung/0506014-ZWG
受天宮,苗栗縣後龍鎮下大山路53之6號,苗栗縣,後龍鎮,受天宮,真武大帝,道,,24.619037,120.792458,0506011-STG,https://trfc.tw/temples/MiaoliCounty/houlung/0506011-STG
裕賢宮,苗栗縣頭份鎮土牛里66號,苗栗縣,頭份市,裕賢宮,玄天上帝,道,,24.687469,120.920217,0505007-YXG,https://trfc.tw/temples/MiaoliCounty/toufen/0505007-YXG
通天宮,苗栗縣頭份鎮蘆竹里78號,苗栗縣,頭份市,通天宮,玄天上帝,道,,24.669631,120.887214,0505019-TTG,https://trfc.tw/temples/MiaoliCounty/toufen/0505019-TTG
天雲廟,苗栗縣苗栗市高苗里天雲街20號,苗栗縣,苗栗市,天雲廟,玄天上帝,道,,24.552373,120.816568,0501012-TYM,https://trfc.tw/temples/MiaoliCounty/miaoli/0501012-TYM
真武宮,苗栗縣通霄鎮內湖里135號,苗栗縣,通霄鎮,真武宮,玄天上帝,道,,24.496262,120.709128,0503014-ZWG,https://trfc.tw/temples/MiaoliCounty/tungshiang/0503014-ZWG
聖賢宮,苗栗縣苑裡鎮苑坑125之1號,苗栗縣,苑裡鎮,聖賢宮,玄天上帝,道,,24.409826,120.677505,0502019-SXG,https://trfc.tw/temples/MiaoliCounty/yuanli/0502019-SXG
聖靈宮,苗栗縣三義鄉西湖村9鄰八櫃1-1號,苗栗縣,三義鄉,聖靈宮,玄天上帝,道,,24.405501,120.759891,0513001-SLG,https://trfc.tw/temples/MiaoliCounty/sanyi/0513001-SLG
玄壽宮,苗栗縣三義鄉鯉魚潭,苗栗縣,三義鄉,玄壽宮,玄天上帝,道,,24.353364,120.749963,0513007-XSG,https://trfc.tw/temples/MiaoliCounty/sanyi/0513007-XSG
飛龍宮,苗栗縣西湖鄉三湖村店仔街38號,苗栗縣,西湖鄉,飛龍宮,玄天上帝,道,,24.558375,120.756728,0514007-FLG,https://trfc.tw/temples/MiaoliCounty/shihu/0514007-FLG
龍湖宮,苗栗縣造橋鄉龍昇村15號,苗栗縣,造橋鄉,龍湖宮,玄天上帝,道,,24.636639,120.832666,0515009-LHG,https://trfc.tw/temples/MiaoliCounty/tzauchiau/0515009-LHG
珠螺境玄天上帝廟,連江縣南竿鄉珠螺村50號,連江縣,南竿鄉,珠螺境玄天上帝廟,玄天上帝,道,,26.1581328,119.9305895,90070164008-XTSDM,https://trfc.tw/temples/LienchiangCounty/nangan/90070164008-XTSDM
塘歧廣玄宮,連江縣北竿鄉塘岐村273之4號,連江縣,北竿鄉,塘歧廣玄宮,玄天上帝,道,1998,26.22422827,119.9994971,90070264001-GXG,https://trfc.tw/temples/LienchiangCounty/beigan/90070264001-GXG
橋仔境玄天上帝,連江縣北竿鄉橋仔村101號,連江縣,北竿鄉,橋仔境玄天上帝,玄天上帝,道,,26.2346782,119.9933715,90070264003-XTSD,https://trfc.tw/temples/LienchiangCounty/beigan/90070264003-XTSD
大坪境玄天上帝廟,連江縣莒光鄉大埔石刻,連江縣,莒光鄉,大坪境玄天上帝廟,玄天上帝,道,,25.9510823,119.964089,900703005-XTSDM,https://trfc.tw/temples/LienchiangCounty/jiuguang/900703005-XTSDM
金榮殿,金門縣金沙鎮何斗里中蘭9號之1,金門縣,金沙鎮,金榮殿,玄天上帝,道,,24.46277778,118.3858333,902002005-JRD,https://trfc.tw/temples/KinmenCounty/jinsha/902002005-JRD
廣玄宮,金門縣金寧鄉仁愛新村133號1樓,金門縣,金寧鄉,廣玄宮,玄天上帝,,,24.45092581,118.3348999,902004006-GXG,https://trfc.tw/temples/KinmenCounty/jinning/902004006-GXG
南塘真武廟,,金門縣,烈嶼鄉,南塘真武廟,玄天上帝,,,24.4241547,118.2381908,902005002-NTZWM,https://trfc.tw/temples/KinmenCounty/lieyu/902005002-NTZWM
真武廟,金門縣烈嶼鄉西口村下田4號,金門縣,烈嶼鄉,真武廟,玄天上帝,道,1986,24.4382921,118.2353014,902005003-ZWM,https://trfc.tw/temples/KinmenCounty/lieyu/902005003-ZWM
中墩真武廟,金門縣烈嶼鄉上林村中墩5號,金門縣,烈嶼鄉,真武廟,玄天上帝,道,,24.4335515,118.2319212,902005002-ZWM,https://trfc.tw/temples/KinmenCounty/lieyu/902005002-ZWM
西甲西方宮,,金門縣,烈嶼鄉,西甲西方宮,玄天上帝 / 釋迦牟尼佛,,,24.91991498,118.6996299,902005001-XJXFG,https://trfc.tw/temples/KinmenCounty/lieyu/902005001-XJXFG
北極上帝廟,,金門縣,烈嶼鄉,北極上帝廟,玄天上帝,,,,,531769754e0a5e1d5edf,http://188.166.188.237:8201/crgis/temples/KinmenCounty/lieyu/531769754e0a5e1d5edf
保安廟,金門縣金寧鄉古寧村林厝,金門縣,金寧鄉,保安廟,玄天上帝,道,,24.47611111,118.3152778,902004001-BAM,https://trfc.tw/temples/KinmenCounty/jinning/902004001-BAM
浯坑北極殿,金門縣金沙鎮西園里浯坑32之1號,金門縣,金沙鎮,北極殿,玄天上帝,道,,24.50472222,118.4097222,902002006-BJD,https://trfc.tw/temples/KinmenCounty/jinsha/902002006-BJD
豐蓮宮,,金門縣,金城鎮,豐蓮宮,玄天上帝,,,24.416691,118.3166557,902001008-FLG,https://trfc.tw/temples/KinmenCounty/jincheng/902001008-FLG
北門境北鎮廟,金門縣金城鎮北門里中興路146巷1號,金門縣,金城鎮,北鎮廟 慈蔭寺（後殿）,觀世音菩薩 / 玄天上帝,道,,24.43296851,118.3193879,902001004-BZM,https://trfc.tw/temples/KinmenCounty/jincheng/902001004-BZM
北山鎮東宮,金門縣金寧鄉古寧頭北山,金門縣,金寧鄉,鎮東宮,玄天上帝,道,,24.4789133,118.3124857,902004001-ZDG,https://trfc.tw/temples/KinmenCounty/jinning/902004001-ZDG
廣濟廟,金門縣金寧鄉盤山村頂堡128之6號,金門縣,金寧鄉,廣濟廟,玄天上帝,,,24.45097549,118.3348787,902004006-GJM,https://trfc.tw/temples/KinmenCounty/jinning/902004006-GJM
北山真武殿,金門縣金寧鄉古寧村北山113號,金門縣,金寧鄉,真武殿,玄天上帝,道,,24.48,118.3111111,902004001-ZWD,https://trfc.tw/temples/KinmenCounty/jinning/902004001-ZWD
玄明宮,,金門縣,金寧鄉,玄明宮,玄天上帝,,,,,7384660e5bae,http://188.166.188.237:8201/crgis/temples/KinmenCounty/jinning/7384660e5bae
前埔保障宮,金門縣烈嶼鄉前埔村,金門縣,烈嶼鄉,保障宮,玄天上帝,,,24.4282257,118.234553,902005002-QPBZG,https://trfc.tw/temples/KinmenCounty/lieyu/902005002-QPBZG
海口太和武當北極殿,雲林縣臺西鄉海口村海豐路58-5號,雲林縣,臺西鄉,,玄天上帝,道,1990,23.70427396,120.190626,0916004-HKTHWDBJD,https://trfc.tw/temples/YunlinCounty/taishi/0916004-HKTHWDBJD
玄太宮,雲林縣斗六市八德里興和路1-1號,雲林縣,斗六市,玄太宮,玄天上帝,道,,23.71816998,120.558662,0901009-XTG,https://trfc.tw/temples/YunlinCounty/douliou/0901009-XTG
玉鳳宮,雲林縣斗六市三平里洛陽路76號,雲林縣,斗六市,玉鳳宮,玄天上帝,道,,23.70872199,120.535201,0901008-YFG,https://trfc.tw/temples/YunlinCounty/douliou/0901008-YFG
林頭北天宮,雲林縣斗六市林頭路30號,雲林縣,斗六市,林頭北天宮,玄天上帝,道,,23.69412398,120.556607,0901013-LTBTG,https://trfc.tw/temples/YunlinCounty/douliou/0901013-LTBTG
朝龍宮,雲林縣斗六市久安里久安路311號,雲林縣,斗六市,朝龍宮,玄天上帝,道,1904,23.68160804,120.514084,0901020-ZLG,https://trfc.tw/temples/YunlinCounty/douliou/0901020-ZLG
順儀宮,雲林縣斗六市鎮南里17鄰新昌街40號,雲林縣,斗六市,順儀宮,玄天上帝,道,,23.69647703,120.540726,0901019-SYG,https://trfc.tw/temples/YunlinCounty/douliou/0901019-SYG
玉安宮,雲林縣斗六市龍潭里龍潭路51號,雲林縣,斗六市,玉安宮,玄天上帝,道,,23.69091396,120.526804,0901011-YAG,https://trfc.tw/temples/YunlinCounty/douliou/0901011-YAG
三玄宮,雲林縣斗六市林頭里南聖路57號,雲林縣,斗六市,三玄宮,玄天上帝,道,,23.70287401,120.556095,0901013-SXG,https://trfc.tw/temples/YunlinCounty/douliou/0901013-SXG
中和宮,雲林縣斗六市虎溪里24鄰崙仔路23之4號,雲林縣,斗六市,中和宮,玄天上帝,道,,23.71340001,120.515732,0901023-ZHG,https://trfc.tw/temples/YunlinCounty/douliou/0901023-ZHG
慈玄宮,雲林縣斗六市鎮南里明德路575號,雲林縣,斗六市,慈玄宮,玄天上帝,佛,,23.69955101,120.533335,0901033-CXG,https://trfc.tw/temples/YunlinCounty/douliou/0901033-CXG
福興山,雲林縣斗六市湖山里9鄰楓湖路92號,雲林縣,斗六市,福興山,玄天上帝,道,,23.71734898,120.607686,0901025-FXS,https://trfc.tw/temples/YunlinCounty/douliou/0901025-FXS
廣玄宮,雲林縣斗六市湖山里檨仔坑林森路34之8號,雲林縣,斗六市,廣玄宮,玄天上帝,道,,23.69718304,120.618897,0901009-GXG,https://trfc.tw/temples/YunlinCounty/douliou/0901009-GXG
慈德宮,雲林縣斗六市林頭里榮譽路30之1號,雲林縣,斗六市,慈德宮,玄天上帝,道,,23.70429399,120.553201,0901013-CDG,https://trfc.tw/temples/YunlinCounty/douliou/0901013-CDG
大年宮,雲林縣斗六市崙峯里仁義路44號,雲林縣,斗六市,大年宮,玄天上帝,道,1817,23.68032603,120.538533,0901018-DNG,https://trfc.tw/temples/YunlinCounty/douliou/0901018-DNG
大乾宮,雲林縣斗六市鎮北里鎮北路234號,雲林縣,斗六市,大乾宮,玄天上帝,道,,23.719586,120.542119,0901010-DGG,https://trfc.tw/temples/YunlinCounty/douliou/0901010-DGG
金熙宮,雲林縣斗六市江厝里3鄰江厝路62號,雲林縣,斗六市,金熙宮,玄天上帝,佛,1904,23.67268399,120.527751,0901016-JXG,https://trfc.tw/temples/YunlinCounty/douliou/0901016-JXG
明聖宮,雲林縣斗六市重光里2鄰重光路43號,雲林縣,斗六市,明聖宮,玄天上帝,道,,23.693337,120.56634,0901014-MSG,https://trfc.tw/temples/YunlinCounty/douliou/0901014-MSG
玉興宮,雲林縣斗六市三光里7鄰板橋路40號,雲林縣,斗六市,玉興宮,玄天上帝,道,1904,23.65487304,120.525162,0901017-YXG,https://trfc.tw/temples/YunlinCounty/douliou/0901017-YXG
玉玄宮,雲林縣斗六市社口里鎮南路150號,雲林縣,斗六市,玉玄宮,玄天上帝,道,,23.70082003,120.540997,0901035-YXG,https://trfc.tw/temples/YunlinCounty/douliou/0901035-YXG
萬年宮,雲林縣斗六市萬年路416巷49號,雲林縣,斗六市,萬年宮,玄天上帝,道,,23.72672899,120.550801,0901029-WNG,https://trfc.tw/temples/YunlinCounty/douliou/0901029-WNG
昭安宮,雲林縣斗六市嘉東里7鄰劉厝路5號,雲林縣,斗六市,昭安宮,玄天上帝,道,,23.676856,120.555643,0901019-ZAG,https://trfc.tw/temples/YunlinCounty/douliou/0901019-ZAG
福龍宮,雲林縣斗六市虎溪里虎溪路67之1號,雲林縣,斗六市,福龍宮,玄天上帝,道,1974,23.72055295,120.51774,0901023-FLG,https://trfc.tw/temples/YunlinCounty/douliou/0901023-FLG
玉當山,雲林縣斗六市湖山里檨林路50號,雲林縣,斗六市,玉當山,玄天上帝,道,,23.69359399,120.623356,0901009-YDS,https://trfc.tw/temples/YunlinCounty/douliou/0901009-YDS
玄安宮,雲林縣斗六市江厝里16鄰瓦厝路100號,雲林縣,斗六市,玄安宮,玄天上帝,道,1984,23.669162,120.513973,0901016-XAG,https://trfc.tw/temples/YunlinCounty/douliou/0901016-XAG
東屯里大安宮,雲林縣虎尾鎮東屯里74號之1,雲林縣,虎尾鎮,大安宮,玄天上帝,道,1875,23.70291238,120.3896448,0903029-DAG,https://trfc.tw/temples/YunlinCounty/huwei/0903029-DAG
廉使里永興宮,雲林縣虎尾鎮廉使1577號,雲林縣,虎尾鎮,永興宮,玄天上帝,道,1713,23.72229042,120.4189228,0903022-YXG,https://trfc.tw/temples/YunlinCounty/huwei/0903022-YXG
崁仔腳順天宮,林縣虎尾鎮頂溪里崁腳40-1號旁,雲林縣,虎尾鎮,,玄天上帝,道,2008,23.7257824,120.4764208,0903024-KZJSTG,https://trfc.tw/temples/YunlinCounty/huwei/0903024-KZJSTG
墾地里福德祠,雲林縣虎尾鎮墾地里(沒有門牌),雲林縣,虎尾鎮,福德祠,玄天上帝,道,1997,23.72913639,120.3960928,0903015-FDC,https://trfc.tw/temples/YunlinCounty/huwei/0903015-FDC
下溪里大庄北極殿,雲林縣虎尾鎮下溪里大庄77號,雲林縣,虎尾鎮,北極殿,玄天上帝,道,1908,23.71044738,120.4600308,0903027-BJD,https://trfc.tw/temples/YunlinCounty/huwei/0903027-BJD
興中里北興宮,雲林縣虎尾鎮興中里225號,雲林縣,虎尾鎮,北興宮,玄天上帝,道,1957,23.73938338,120.4264798,0903021-BXG,https://trfc.tw/temples/YunlinCounty/huwei/0903021-BXG
田心-玉相宮,雲林縣古坑鄉田心村田心90號,雲林縣,古坑鄉,玉相宮,玄天上帝,道,1745,23.66889303,120.541369,0907002-YXG,https://trfc.tw/temples/YunlinCounty/gukeng/0907002-YXG
中洲仔-玄武宮,雲林縣古坑鄉麻園村中洲36之16號,雲林縣,古坑鄉,玄武宮,玄天上帝,道,1996,23.62783402,120.51246,0907016-XWG,https://trfc.tw/temples/YunlinCounty/gukeng/0907016-XWG
北極殿,雲林縣古坑鄉朝陽村大埔45之2號,雲林縣,古坑鄉,北極殿,玄天上帝,道,1984,23.63952996,120.594444,0907018-BJD,https://trfc.tw/temples/YunlinCounty/gukeng/0907018-BJD
朝陽-朱子宮,雲林縣古坑鄉古坑村朝陽路1之260號,雲林縣,古坑鄉,朱子宮,玄天上帝,道,1966,23.64607296,120.582745,0907017-ZZG,https://trfc.tw/temples/YunlinCounty/gukeng/0907017-ZZG
荷苞-天性宮,雲林縣古坑鄉荷苞村荷苞厝33號,雲林縣,古坑鄉,天性宮,玄天上帝,道,1970,23.66633303,120.579918,0907004-TXG,https://trfc.tw/temples/YunlinCounty/gukeng/0907004-TXG
光山受山宮,雲林縣古坑鄉永光村光山路17之1號,雲林縣,古坑鄉,受山宮,玄天上帝,道,1977,23.61324004,120.594335,0907010-SSG,https://trfc.tw/temples/YunlinCounty/gukeng/0907010-SSG
石壁-受天宮,雲林縣古坑鄉草嶺村石璧81之10號,雲林縣,古坑鄉,受天宮,玄天上帝,道,,23.61051601,120.707976,0907014-STG,https://trfc.tw/temples/YunlinCounty/gukeng/0907014-STG
荷苞-玄天宮,雲林縣古坑鄉荷苞村尖山坑88號,雲林縣,古坑鄉,玄天宮,玄天上帝,道,,23.65885704,120.591365,0907004-XTG,https://trfc.tw/temples/YunlinCounty/gukeng/0907004-XTG
華興-鎮安宮,雲林縣古坑鄉華南村華興25號,雲林縣,古坑鄉,鎮安宮,玄天上帝,道,1937,23.59563703,120.565266,0907012-ZAG,https://trfc.tw/temples/YunlinCounty/gukeng/0907012-ZAG
崁頭厝振興宮,古坑鄉永昌村光昌路158號,雲林縣,古坑鄉,,玄天上帝,道,1757,23.62665603,120.551906,0907015-KTCZXG,https://trfc.tw/temples/YunlinCounty/gukeng/0907015-KTCZXG
二重溝真武殿,雲林縣斗南鎮明昌里二重溝92號,雲林縣,斗南鎮,真武殿,玄天上帝,道,1984,23.66626304,120.465004,0902016-ZWD,https://trfc.tw/temples/YunlinCounty/dounan/0902016-ZWD
阿丹北安宮,雲林縣斗南鎮阿丹里阿丹14號,雲林縣,斗南鎮,北安宮,玄天上帝,道,1900,23.64867797,120.506189,0902011-BAG,https://trfc.tw/temples/YunlinCounty/dounan/0902011-BAG
靖興里靖興宮,雲林縣斗南鎮靖興里厝興路2號,雲林縣,斗南鎮,靖興宮,玄天上帝,道,1961,23.64373399,120.479286,0902009-JXG,https://trfc.tw/temples/YunlinCounty/dounan/0902009-JXG
溫厝角溫勝宮,雲林縣斗南鎮將軍里溫厝8之1號,雲林縣,斗南鎮,溫勝宮,玄天上帝,道,1982,23.657657,120.509905,0902012-WSG,https://trfc.tw/temples/YunlinCounty/dounan/0902012-WSG
崙仔進興宮,雲林縣斗南鎮阿丹里崙仔76之2號,雲林縣,斗南鎮,進興宮,玄天上帝,道,1989,23.65261998,120.494026,0902011-JXG,https://trfc.tw/temples/YunlinCounty/dounan/0902011-JXG
石溪里玄興宮,雲林縣斗南鎮石溪里復興路65號,雲林縣,斗南鎮,玄興宮,包府千歲 / 關聖帝君 / 玄天上帝,道,1984,23.63432799,120.474501,0902022-XXG,https://trfc.tw/temples/YunlinCounty/dounan/0902022-XXG
受天宮,雲林縣西螺鎮大園里2鄰大園街13號,雲林縣,西螺鎮,受天宮,玄天上帝,道,1948,23.79986596,120.466445,0904003-STG,https://trfc.tw/temples/YunlinCounty/shiluo/0904003-STG
鎮南宮,雲林縣西螺鎮中和里修文路28巷27號,雲林縣,西螺鎮,鎮南宮,玄天上帝,道,1958,23.80372499,120.461153,0904012-ZNG,https://trfc.tw/temples/YunlinCounty/shiluo/0904012-ZNG
廣玄宮,雲林縣西螺鎮大新163之1號,雲林縣,西螺鎮,廣玄宮,玄天上帝,道,1967,23.79119597,120.487516,0904017-GXG,https://trfc.tw/temples/YunlinCounty/shiluo/0904017-GXG
震天宮,雲林縣西螺鎮鹿場83之1號,雲林縣,西螺鎮,震天宮,玄天上帝,道,1975,23.74996598,120.473778,0904021-ZTG,https://trfc.tw/temples/YunlinCounty/shiluo/0904021-ZTG
好收無極聖殿,雲林縣元長鄉內寮村11鄰好收5之6號,雲林縣,元長鄉,無極聖殿,玄天上帝,道,1999,23.619749,120.355368,0917019-WJSD,https://trfc.tw/temples/YunlinCounty/yuanchang/0917019-WJSD
崙仔隆玄宮,,雲林縣,元長鄉,隆玄宮,玄天上帝,道,1991,23.605992,120.354295,0917020-LXG,https://trfc.tw/temples/YunlinCounty/yuanchang/0917020-LXG
新吉極明殿,雲林縣元長鄉新吉村1鄰新吉路13號,雲林縣,元長鄉,極明殿,玄天上帝,道,1989,23.623742,120.360077,0917021-JMD,https://trfc.tw/temples/YunlinCounty/yuanchang/0917021-JMD
沙崙後北玄宮,雲林縣麥寮鄉崙後村6鄰沙崙後141號,雲林縣,麥寮鄉,北玄宮,玄天上帝,道,1977,23.772851,120.267914,0913005-BXG,https://trfc.tw/temples/YunlinCounty/mailiau/0913005-BXG
新厝仔-議天宮,雲林縣古坑鄉棋盤村新厝80號,雲林縣,古坑鄉,議天宮,玄天上帝 / 觀世音菩薩,道,,23.69506997,120.605645,0907007-ITG,https://trfc.tw/temples/YunlinCounty/gukeng/0907007-ITG
棋盤-玉天宮,雲林縣古坑鄉棋盤村棋山89號,雲林縣,古坑鄉,,觀世音菩薩 / 玄天上帝,道,1879,,,68cb76e4-738959295bae-1,http://188.166.188.237:8201/crgis/temples/YunlinCounty/gukeng/68cb76e4-738959295bae-1
麥寮鎮東宮,雲林縣麥寮鄉麥豐村6鄰中山路43號,雲林縣,麥寮鄉,鎮東宮,玄天上帝,道,1973,23.74971897,120.260287,0913002-ZDG,https://trfc.tw/temples/YunlinCounty/mailiau/0913002-ZDG
麥寮鎮南宮,雲林縣麥寮鄉麥豐村22鄰新興路25-6號,雲林縣,麥寮鄉,鎮南宮,玄天上帝,道,1951,23.74682796,120.251457,0913002-ZNG,https://trfc.tw/temples/YunlinCounty/mailiau/0913002-ZNG
新吉庄玄天宮,雲林縣麥寮鄉新吉村5鄰新吉56號,雲林縣,麥寮鄉,玄天宮,玄天上帝,道,1997,23.80578802,120.27532,0913010-XTG,https://trfc.tw/temples/YunlinCounty/mailiau/0913010-XTG
金湖龍台宮,雲林縣口湖鄉港西村三民路1-1號,雲林縣,口湖鄉,龍台宮,玄天上帝,道,1875,23.57524898,120.147647,0919013-LTG,https://trfc.tw/temples/YunlinCounty/kouhu/0919013-LTG
過港北天宮,雲林縣口湖鄉過港村過港96號,雲林縣,口湖鄉,北天宮,玄天上帝,道,1647,23.57061202,120.191827,0919021-BTG,https://trfc.tw/temples/YunlinCounty/kouhu/0919021-BTG
玄武宮,雲林縣土庫鎮大荖里大荖91號,雲林縣,土庫鎮,玄武宮,玄天上帝,道,1966,23.68508896,120.369398,0905009-XWG,https://trfc.tw/temples/YunlinCounty/tuku/0905009-XWG
天樞院,雲林縣莿桐鄉振興路78-12號,雲林縣,莿桐鄉,,玄天上帝,道,2000,23.75609399,120.494909,0909004-TSY,https://trfc.tw/temples/YunlinCounty/tsztung/0909004-TSY
振興宮,雲林縣莿桐鄉義和村三和19號,雲林縣,莿桐鄉,振興宮,玄天上帝,道,1972,23.77899301,120.497849,0909005-ZXG,https://trfc.tw/temples/YunlinCounty/tsztung/0909005-ZXG
乾元宮,雲林縣莿桐鄉興貴村興南路48號,雲林縣,莿桐鄉,乾元宮,玄天上帝,道,1732,23.76251302,120.518219,0909010-GYG,https://trfc.tw/temples/YunlinCounty/tsztung/0909010-GYG
福吉宮,雲林縣莿桐鄉四合村永基15號,雲林縣,莿桐鄉,福吉宮,玄天上帝,道,1961,23.77488001,120.526718,0909011-FJG,https://trfc.tw/temples/YunlinCounty/tsztung/0909011-FJG
受正宮,雲林縣莿桐鄉五華村建治,雲林縣,莿桐鄉,受正宮,玄天上帝,道,1991,23.77476099,120.552826,0909013-SZG,https://trfc.tw/temples/YunlinCounty/tsztung/0909013-SZG
北港聖天宮,雲林縣北港鎮新街里22鄰北辰路13號,雲林縣,北港鎮,聖天宮,玄天上帝,道,1984,23.57981603,120.303038,0906016-STG,https://trfc.tw/temples/YunlinCounty/beigang/0906016-STG
扶朝五福宮,雲林縣北港鎮扶朝里192-1號,雲林縣,北港鎮,五福宮,玄天上帝,道,1984,23.560086,120.284055,0906026-WFG,https://trfc.tw/temples/YunlinCounty/beigang/0906026-WFG
溝皂真武殿,雲林縣北港鎮溝皂里4鄰160之1號,雲林縣,北港鎮,真武殿,玄天上帝,道,1979,23.61187597,120.291415,0906020-ZWD,https://trfc.tw/temples/YunlinCounty/beigang/0906020-ZWD
東玄宮,林內鄉林茂村茂興,雲林縣,林內鄉,東玄宮,玄天上帝,道,1985,23.74260499,120.623103,0910005-DXG,https://trfc.tw/temples/YunlinCounty/linnei/0910005-DXG
玄德宮,雲林縣林內鄉林中村榮譽路20號,雲林縣,林內鄉,玄德宮,玄天上帝,道,1949,23.77538401,120.611034,0910002-XDG,https://trfc.tw/temples/YunlinCounty/linnei/0910002-XDG
復興宮,雲林縣林內鄉復興路13號,雲林縣,林內鄉,,玄天上帝 / 鄭成功,道,1989,23.75046504,120.609272,0910005-FXG,https://trfc.tw/temples/YunlinCounty/linnei/0910005-FXG
進雄宮,雲林縣林內鄉烏塗村烏塗48之6號,雲林縣,林內鄉,進雄宮,玄天上帝,道,1925,23.76927696,120.598136,0910008-JXG,https://trfc.tw/temples/YunlinCounty/linnei/0910008-JXG
永安宮,雲林縣林內鄉烏麻村3鄰永安69之1號,雲林縣,林內鄉,永安宮,玄天上帝,道,1874,23.75075798,120.584092,0910009-YAG,https://trfc.tw/temples/YunlinCounty/linnei/0910009-YAG
仙天宮,雲林縣林內鄉重興村進興路46-1號,雲林縣,林內鄉,仙天宮,玄天上帝,道,1961,23.78213203,120.500287,0910010-XTG,https://trfc.tw/temples/YunlinCounty/linnei/0910010-XTG
水林都玄天宮,雲林縣水林鄉海埔村67-1號,雲林縣,水林鄉,都玄天宮,玄天上帝,道,1876,23.56030396,120.250375,0920003-DXTG,https://trfc.tw/temples/YunlinCounty/shueilin/0920003-DXTG
山寮山玄宮,雲林縣水林鄉春埔村山寮36號,雲林縣,水林鄉,,玄天上帝,道,2012,23.59450296,120.252501,0920005-SLSXG,https://trfc.tw/temples/YunlinCounty/shueilin/0920005-SLSXG
尖山元天宮,雲林縣水林鄉尖山村頂尖山3鄰30號,雲林縣,水林鄉,元天宮,玄天上帝,道,1821,23.57090598,120.225963,0920012-YTG,https://trfc.tw/temples/YunlinCounty/shueilin/0920012-YTG
北極殿,雲林縣大埤鄉大德村大德路54號,雲林縣,大埤鄉,北極殿,玄天上帝,道,,23.63345918,120.4256538,0908003-BJD,https://trfc.tw/temples/YunlinCounty/dapi/0908003-BJD
泰德堂,雲林縣大埤鄉三結村埤頭313號,雲林縣,大埤鄉,泰德堂,玄天上帝,道,,23.66105796,120.437058,0908008-TDT,https://trfc.tw/temples/YunlinCounty/dapi/0908008-TDT
萬天宮,雲林縣大埤鄉南和村民權路111巷14號,雲林縣,大埤鄉,萬天宮,玄天上帝,道,,23.63949803,120.432478,0908002-WTG,https://trfc.tw/temples/YunlinCounty/dapi/0908002-WTG
真武宮,雲林縣大埤鄉嘉興村豐興12號,雲林縣,大埤鄉,真武宮,玄天上帝,道,,23.64289496,120.463923,0908006-ZWG,https://trfc.tw/temples/YunlinCounty/dapi/0908006-ZWG
頂飛沙北安宮,雲林縣四湖鄉飛沙村頂飛沙40號,雲林縣,四湖鄉,北安宮,玄天上帝,道,1982,23.65365297,120.179494,0918009-BAG,https://trfc.tw/temples/YunlinCounty/szhu/0918009-BAG
安南鎮玄宮,雲林縣東勢鄉安南村安南路2-2號,雲林縣,東勢鄉,鎮玄宮,玄天上帝,道,1984,23.701338,120.252294,0914008-ZXG,https://trfc.tw/temples/YunlinCounty/dongshih/0914008-ZXG
永安宮,雲林縣崙背鄉大有村165號,雲林縣,崙背鄉,永安宮,玄天上帝,道,,23.7589032,120.3071945,0912009-YAG,https://trfc.tw/temples/YunlinCounty/luenbei/0912009-YAG
保玄宮,雲林縣斗六市保庄里建興路152-1號,雲林縣,斗六市,,玄天上帝,道教,,23.70948792,120.5239944,,
玄清宮,雲林縣斗六市保庄里建興路198-3號,雲林縣,斗六市,,北極玄天上帝,道教,,23.7088356,120.5194168,,
承天宮,雲林縣西螺鎮大新里15鄰163-1號,雲林縣,西螺鎮,,玄天上帝,道教,,23.7912159,120.4871979,,
玄德慈惠堂,雲林縣臺西鄉溪頂村1鄰溪頂21號,雲林縣,臺西鄉,玄德慈惠堂,玄天上帝,道,1987,23.68560202,120.198491,0916005-XDCHT,https://trfc.tw/temples/YunlinCounty/taishi/0916005-XDCHT
牛厝碧雲殿,雲林縣臺西鄉蚊牛厝村成功路141號,雲林縣,臺西鄉,,玄天上帝,,2000,23.66757103,120.213129,0916006-NCBYD,https://trfc.tw/temples/YunlinCounty/taishi/0916006-NCBYD
下新興聖賢宮,臺西鄉和豐村下新興24號,雲林縣,臺西鄉,,玄天上帝,道,1992,23.72895699,120.228086,0916013-SXG,https://trfc.tw/temples/YunlinCounty/taishi/0916013-SXG
魚寮鎮南宮,648雲林縣西螺鎮七座里文和路10之2號,雲林縣,西螺鎮,,,,,23.76808394446965,120.44151046453578,,
南山宮,高雄市美濃區龍山里龍山街37號,高雄市,美濃區,南山宮,玄天上帝,道,1945,22.867568,120.558191,122006-NSG,http://188.166.188.237:8201/crgis/temples/KaohsiungCity/meinong/122006-NSG
北極宮,高雄市美濃區吉東里上九寮4之2號,高雄市,美濃區,北極宮,玄天上帝,道,,22.85296449,120.5348972,122016-BJG,http://188.166.188.237:8201/crgis/temples/KaohsiungCity/meinong/122016-BJG
南山宮,高雄市美濃區龍山里龍山街37號,高雄市,美濃區,南山宮,玄天上帝,,1945,22.87506471,120.5567749,1220004-NSG,http://188.166.188.237:8201/crgis/temples/KaohsiungCity/meinong/1220004-NSG
北極宮,高雄市大寮區會結里會興三街155號1樓,高雄市,大寮區,北極宮,玄天上帝,道,1957,22.530091,120.402299,120305-BJG,https://trfc.tw/temples/KaohsiungCity/daliau/120305-BJG
北極上帝殿,高雄市大寮區琉球里黃厝路35之10號,高雄市,大寮區,北極上帝殿,玄天上帝,道,1993,22.61615038,120.4104579,120306-BJSDD,https://trfc.tw/temples/KaohsiungCity/daliau/120306-BJSDD
朝中宮,高雄市大寮區中庄里八德路132號,高雄市,大寮區,朝中宮,玄天上帝,道,1768,22.63317961,120.3934482,120309-ZZG,https://trfc.tw/temples/KaohsiungCity/daliau/120309-ZZG
北極殿,高雄市大寮區溪寮里(路)95號,高雄市,大寮區,北極殿,玄天上帝,道,1924,22.609322,120.390969,120317-BJD,https://trfc.tw/temples/KaohsiungCity/daliau/120317-BJD
翁園村北極殿,高雄市大寮區翁園里翁園路224之1號,高雄市,大寮區,翁園村北極殿,玄天上帝,道,1867,22.623341,120.414157,120321-WYCBJD,https://trfc.tw/temples/KaohsiungCity/daliau/120321-WYCBJD
昊天宮,高雄市旗山區中寮里中寮二路47號,高雄市,旗山區,昊天宮,玄天上帝,道,1968,22.8185,120.4252778,121911-HTG,https://trfc.tw/temples/KaohsiungCity/chishan/121911-HTG
北辰宮,高雄市旗山區南勝里旗南三路163之1號,高雄市,旗山區,北辰宮,玄天上帝,道,1849,22.79822223,120.4630278,121912-BCG,https://trfc.tw/temples/KaohsiungCity/chishan/121912-BCG
三合北極殿,高雄市旗山區南勝里尚和巷8號,高雄市,旗山區,三合北極殿,玄天上帝,道,1972,22.81275,120.4579722,121912-SHBJD,https://trfc.tw/temples/KaohsiungCity/chishan/121912-SHBJD
七星宮,高雄市旗山區瑞吉里中正路525巷88號,高雄市,旗山區,七星宮,玄天上帝,道,1909,22.89588889,120.4786944,121917-QXG,https://trfc.tw/temples/KaohsiungCity/chishan/121917-QXG
北清宮,高雄市旗山區三和巷40之1號,高雄市,旗山區,北清宮,玄天上帝,道,1970,22.87116667,120.4756667,121919-BQG,https://trfc.tw/temples/KaohsiungCity/chishan/121919-BQG
溪洲隴江宮,高雄市旗山區南洲里民裕巷17號,高雄市,旗山區,溪洲隴江宮,玄天上帝,道,1969,22.82433333,120.4453056,121921-XZLJG,https://trfc.tw/temples/KaohsiungCity/chishan/121921-XZLJG
財團法人高雄縣鳳山市北極殿,高雄市鳳山區瑞興路65號,高雄市,鳳山區,財團法人高雄縣鳳山市北極殿,玄天上帝,道,1930,22.62451187,120.3675217,120118-BJD,https://trfc.tw/temples/KaohsiungCity/fengshan/120118-BJD
財團法人鳳山市新甲北極殿,高雄市鳳山區武漢里7鄰武營路209號,高雄市,鳳山區,財團法人鳳山市新甲北極殿,玄天上帝,道,1868,22.610333,120.337429,120127-XJBJD,https://trfc.tw/temples/KaohsiungCity/fengshan/120127-XJBJD
北極殿,高雄市燕巢區東燕里中民路35之1號,高雄市,燕巢區,北極殿,玄天上帝,道,1979,22.7953312,120.3756081,1210007-BJD,https://trfc.tw/temples/KaohsiungCity/yanchau/1210007-BJD
龍鞍宮,高雄市燕巢區尖山里過鞍巷,高雄市,燕巢區,龍鞍宮,玄天上帝,道,,22.8159963,120.3566542,121001-LAG,https://trfc.tw/temples/KaohsiungCity/yanchau/121001-LAG
威靈宮,高雄市燕巢區瓊林里瓊林路10號,高雄市,燕巢區,威靈宮,玄天上帝,道,1936,22.7982035,120.3256899,121002-WLG,https://trfc.tw/temples/KaohsiungCity/yanchau/121002-WLG
威靈寺,高雄市燕巢區西燕里中民路546號,高雄市,燕巢區,威靈寺,玄天上帝,道,1813,22.79354931,120.3634423,121009-WLS,https://trfc.tw/temples/KaohsiungCity/yanchau/121009-WLS
北極宮,高雄市燕巢區橫山里深興路13號,高雄市,燕巢區,北極宮,玄天上帝,道,1965,22.7724268,120.3927374,121011-BJG,https://trfc.tw/temples/KaohsiungCity/yanchau/121011-BJG
北極真武殿,高雄市燕巢區深水里臥牛巷25號,高雄市,燕巢區,北極真武殿,玄天上帝,道,1971,22.7776419,120.3849024,121011-BJZWD,https://trfc.tw/temples/KaohsiungCity/yanchau/121011-BJZWD
乾元聖德寶宮,高雄市六龜區新威里52之15號,高雄市,六龜區,乾元聖德寶宮,玄天上帝,道,1992,22.906178,120.617113,122101-GYSDBG,https://trfc.tw/temples/KaohsiungCity/liouguei/122101-GYSDBG
北辰宮,高雄市六龜區興龍里土壠5鄰73號,高雄市,六龜區,北辰宮,玄天上帝,道,1921,23.00502218,120.6482641,122108-BCG,https://trfc.tw/temples/KaohsiungCity/liouguei/122108-BCG
保安宮,高雄市六龜區寶來里新寶路20號,高雄市,六龜區,保安宮,玄天上帝,道,1972,23.09512966,120.6934476,122110-BAG,https://trfc.tw/temples/KaohsiungCity/liouguei/122110-BAG
北極三海宮,高雄市六龜區文武里復興巷21號,高雄市,六龜區,北極三海宮,玄天上帝,道,1966,22.96412029,120.6403306,122111-BJSHG,https://trfc.tw/temples/KaohsiungCity/liouguei/122111-BJSHG
舊庄北極宮,高雄市六龜區文武里舊庄巷75之4號,高雄市,六龜區,舊庄北極宮,玄天上帝,道,1963,22.98146096,120.6401881,122111-JZBJG,https://trfc.tw/temples/KaohsiungCity/liouguei/122111-JZBJG
北極殿靈聖堂,高雄市林園區頂厝里頂厝路13巷51號,高雄市,林園區,北極殿靈聖堂,玄天上帝,道,,22.501819,120.381137,1202010-BJDLST,https://trfc.tw/temples/KaohsiungCity/linyuan/1202010-BJDLST
北極殿,高雄市林園區中汕里北汕路15號,高雄市,林園區,北極殿,玄天上帝,,1948,22.47793007,120.4099401,1202019-BJD,https://trfc.tw/temples/KaohsiungCity/linyuan/1202019-BJD
北極殿,高雄市林園區西溪里西溪路32號,高雄市,林園區,北極殿,玄天上帝,道,1946,22.4857494,120.3932622,120209-BJD,https://trfc.tw/temples/KaohsiungCity/linyuan/120209-BJD
北斗玄武殿,高雄市林園區北汕路88巷2之5號,高雄市,林園區,北斗玄武殿,玄天上帝,道,2000,22.480584,120.410365,120224-BDXWD,https://trfc.tw/temples/KaohsiungCity/linyuan/120224-BDXWD
北極殿,高雄市大樹區竹寮里竹寮路56-1號,高雄市,大樹區,北極殿,玄天上帝,道,1912,22.67312,120.4238032,1204001-BJD,https://trfc.tw/temples/KaohsiungCity/dashu/1204001-BJD
龍目村北極殿,高雄市大樹區龍目里龍目路107號,高雄市,大樹區,龍目村北極殿,玄天上帝,道,1971,22.6911613,120.4108646,1204013-LMCBJD,https://trfc.tw/temples/KaohsiungCity/dashu/1204013-LMCBJD
九曲堂北極殿,高雄市大樹區九曲里九曲路270之1號,高雄市,大樹區,九曲堂北極殿,玄天上帝,道,1868,22.65078937,120.4230499,120402-JQTBJD,https://trfc.tw/temples/KaohsiungCity/dashu/120402-JQTBJD
無水寮北極殿,高雄市大樹區水安里安和街57之2號,高雄市,大樹區,無水寮北極殿,玄天上帝,道,1970,22.66487311,120.4077545,120404-WSLBJD,https://trfc.tw/temples/KaohsiungCity/dashu/120404-WSLBJD
廣玄壇,高雄市大樹區水寮里安和街42巷109號,高雄市,大樹區,廣玄壇,玄天上帝,道,1987,22.6659296,120.4063748,120405-GXT,https://trfc.tw/temples/KaohsiungCity/dashu/120405-GXT
財團法人台灣省高雄縣大樹鄉北極殿,高雄市大樹區興山路19號,高雄市,大樹區,財團法人台灣省高雄縣大樹鄉北極殿,玄天上帝,道,1821,22.6937195,120.4263346,120407-BJD,https://trfc.tw/temples/KaohsiungCity/dashu/120407-BJD
明元北極殿,高雄市大樹區和山里和山路135號,高雄市,大樹區,明元北極殿,玄天上帝,道,1994,22.6974335,120.4202313,120408-MYBJD,https://trfc.tw/temples/KaohsiungCity/dashu/120408-MYBJD
真武殿,高雄市大樹區溪埔里溪埔路1巷1弄26之1號,高雄市,大樹區,真武殿,玄天上帝,道,1972,22.7229982,120.4405522,120416-ZWD,https://trfc.tw/temples/KaohsiungCity/dashu/120416-ZWD
玄龍宮,高雄市杉林區本梓里茄苳巷70之2號,高雄市,杉林區,玄龍宮,玄天上帝,道,1988,23.034056,120.5349304,122301-XLG,https://trfc.tw/temples/KaohsiungCity/shanlin/122301-XLG
北辰宮,高雄市杉林區木梓里茄苳巷26號,高雄市,杉林區,北辰宮,玄天上帝,佛,1946,23.0125107,120.5671456,122302-BCG,https://trfc.tw/temples/KaohsiungCity/shanlin/122302-BCG
集來龍山廟,高雄市杉林區集來里通仙巷343號,高雄市,杉林區,集來龍山廟,玄天上帝,道,1949,23.0236934,120.5607647,122303-JLLSM,https://trfc.tw/temples/KaohsiungCity/shanlin/122303-JLLSM
伍龍廟,高雄市杉林區集來里通仙巷1號,高雄市,杉林區,伍龍廟,玄天上帝,道,1941,22.99871727,120.5856537,122303-WLM,https://trfc.tw/temples/KaohsiungCity/shanlin/122303-WLM
玄武殿,高雄市杉林區集來里通仙巷128之2號,高雄市,杉林區,玄武殿,玄天上帝,道,1998,23.0060717,120.5810275,122303-XWD,https://trfc.tw/temples/KaohsiungCity/shanlin/122303-XWD
武當廟,高雄市杉林區新庄里司馬路384巷54號,高雄市,杉林區,武當廟,玄天上帝,道,1968,22.9905863,120.5414007,122304-WDM,https://trfc.tw/temples/KaohsiungCity/shanlin/122304-WDM
龍峰宮,高雄市岡山區大公路6號,高雄市,岡山區,龍峰宮,玄天上帝,道,1802,22.79616861,120.2858991,120818-LFG,https://trfc.tw/temples/KaohsiungCity/gangshan/120818-LFG
北興宮,高雄市岡山區本洲1街194巷11號,高雄市,岡山區,北興宮,玄天上帝,道,1919,22.809351,120.260431,120828-BXG,https://trfc.tw/temples/KaohsiungCity/gangshan/120828-BXG
慈雲北極殿,高雄市岡山區田厝一路15號,高雄市,岡山區,慈雲北極殿,玄天上帝,道,1969,22.83636164,120.3210923,120830-CYBJD,https://trfc.tw/temples/KaohsiungCity/gangshan/120830-CYBJD
北極武旗殿,高雄市岡山區大莊路67巷75之1號,高雄市,岡山區,北極武旗殿,玄天上帝,道,1982,22.803024,120.319793,120832-BJWQD,https://trfc.tw/temples/KaohsiungCity/gangshan/120832-BJWQD
竹滬北極殿,高雄市路竹區竹滬里華山路135號,高雄市,路竹區,竹滬北極殿,玄天上帝,道,1884,22.85627296,120.228607,121301-ZHBJD,https://trfc.tw/temples/KaohsiungCity/luju/121301-ZHBJD
新園北極殿,高雄市路竹區竹圍里新生路194巷52弄15號,高雄市,路竹區,新園北極殿,玄天上帝,道,,22.87430797,120.293626,1213010-XYBJD,https://trfc.tw/temples/KaohsiungCity/luju/1213010-XYBJD
下甲北極殿,高雄市路竹區新達里下甲路13之1號,高雄市,路竹區,下甲北極殿,玄天上帝,道,1837,22.84691599,120.230214,121303-XJBJD,https://trfc.tw/temples/KaohsiungCity/luju/121303-XJBJD
北嶺古安宮,高雄市路竹區北嶺里民有路121號,高雄市,路竹區,北嶺古安宮,玄天上帝,道,1900,22.82150801,120.272499,121305-BLGAG,https://trfc.tw/temples/KaohsiungCity/luju/121305-BLGAG
三甲北極殿,高雄市路竹區甲北里大智路,高雄市,路竹區,北極殿(三甲),玄天上帝,道,1971,22.87721498,120.269523,121308-BJD,https://trfc.tw/temples/KaohsiungCity/luju/121308-BJD
北極殿,高雄市仁武區烏林里林森巷45號,高雄市,仁武區,北極殿,玄天上帝,道,1755,22.697072,120.3746223,120604-BJD,https://trfc.tw/temples/KaohsiungCity/renwu/120604-BJD
北極宮,高雄市仁武區文武里文化巷14號,高雄市,仁武區,北極宮,玄天上帝,道,1985,22.6986714,120.3470588,120607-BJG,https://trfc.tw/temples/KaohsiungCity/renwu/120607-BJG
上帝宮,高雄市仁武區八封里信義巷1號,高雄市,仁武區,上帝宮,玄天上帝,道,1890,22.6869018,120.3393293,120609-SDG00,https://trfc.tw/temples/KaohsiungCity/renwu/120609-SDG00
真武堂,高雄市甲仙區西安里樂群巷11號,高雄市,甲仙區,真武堂,玄天上帝,道,1969,23.07184184,120.6006662,122202-ZWT,https://trfc.tw/temples/KaohsiungCity/jiashian/122202-ZWT
龍虎山紫雲殿,高雄市甲仙區寶隆里嶺頂巷11號,高雄市,甲仙區,龍虎山紫雲殿,玄天上帝,道,1985,23.053968,120.576835,122205-LHSZYD,https://trfc.tw/temples/KaohsiungCity/jiashian/122205-LHSZYD
震威宮,高雄市甲仙區關山里中興路42巷28號,高雄市,甲仙區,震威宮,玄天上帝,道,1934,23.11231429,120.6117756,122206-ZWG,https://trfc.tw/temples/KaohsiungCity/jiashian/122206-ZWG
北極殿,高雄市甲仙區小林里西拉雅路2巷1號,高雄市,甲仙區,北極殿,玄天上帝,道,1930,23.16173909,120.6435888,122207-BJD,https://trfc.tw/temples/KaohsiungCity/jiashian/122207-BJD
玄垣宮,高雄市田寮區七星里七星路10之1號,高雄市,田寮區,玄垣宮,玄天上帝,道,1985,22.8251553,120.4130734,121105-XYG,https://trfc.tw/temples/KaohsiungCity/tianliau/121105-XYG
北極殿,高雄市阿蓮區復安里復安64號,高雄市,阿蓮區,北極殿,玄天上帝,道,1667,22.846757,120.324182,1212010-BJD,https://trfc.tw/temples/KaohsiungCity/alian/1212010-BJD
萬福宮,高雄市阿蓮區中路里中路3號,高雄市,阿蓮區,萬福宮,玄天上帝,道,1912,22.89369532,120.2969964,121202-WFG,https://trfc.tw/temples/KaohsiungCity/alian/121202-WFG
港後村北極殿,高雄市阿蓮區港後里港後50號,高雄市,阿蓮區,港後村北極殿,玄天上帝,道,1738,22.87238329,120.3155169,121204-GHCBJD,https://trfc.tw/temples/KaohsiungCity/alian/121204-GHCBJD
崙頂武當山,高雄市阿蓮區港後里崙頂28號,高雄市,阿蓮區,崙頂武當山,玄天上帝,道,1828,22.88001766,120.3124591,121204-LDWDS,https://trfc.tw/temples/KaohsiungCity/alian/121204-LDWDS
中甲北極殿,高雄市阿蓮區港後里港後151號,高雄市,阿蓮區,中甲北極殿,玄天上帝,道,1953,22.86593674,120.3180889,121204-ZJBJD,https://trfc.tw/temples/KaohsiungCity/alian/121204-ZJBJD
興濟宮,高雄市阿蓮區青旗里青旗194號,高雄市,阿蓮區,興濟宮,玄天上帝,道,1915,22.89089116,120.3171986,121209-XJG,https://trfc.tw/temples/KaohsiungCity/alian/121209-XJG
赤崁北極殿,高雄市梓官區赤東里赤崁東路13巷59之1號,高雄市,梓官區,赤崁北極殿,玄天上帝,道,1999,22.74290303,120.256701,121806-BJD,https://trfc.tw/temples/KaohsiungCity/tzguan/121806-BJD
振淵宮,高雄市梓官區同安里淵官路62號,高雄市,梓官區,振淵宮,玄天上帝,道,1979,22.74799696,120.26697,121811-ZYG,https://trfc.tw/temples/KaohsiungCity/tzguan/121811-ZYG
茄苳坑北極宮,高雄市梓官區茄苳里嘉展路420號,高雄市,梓官區,北極宮,玄天上帝,道,1983,22.735449,120.254527,121815-BJG,https://trfc.tw/temples/KaohsiungCity/tzguan/121815-BJG
朝元宮,高雄市內門區永吉里新生18號,高雄市,內門區,朝元宮,玄天上帝,道,1993,22.96516667,120.4975,122405-ZYG,https://trfc.tw/temples/KaohsiungCity/neimen/122405-ZYG
高紅北極殿,高雄市松江街411號,高雄市,三民區,高紅北極殿,玄天上帝,道,1958,22.651357,120.304005,64005047-GHBJD,https://trfc.tw/temples/KaohsiungCity/sanmin/64005047-GHBJD
玄穹北極殿,高雄市鳳興路21號,高雄市,小港區,玄穹北極殿,玄天上帝,道,,22.524103,120.346934,64011037-XQBJD,https://trfc.tw/temples/KaohsiungCity/xiaogang/64011037-XQBJD
北極殿,高雄市鳥松區坔埔里坔埔路2之22號,高雄市,鳥松區,北極殿,玄天上帝,道,1972,22.66141291,120.3822504,1207004-BJD,https://trfc.tw/temples/KaohsiungCity/niausung/1207004-BJD
聖恩堂,高雄市鳥松區坔埔里松埔路41號,高雄市,鳥松區,聖恩堂,玄天上帝,道,1984,22.6603516,120.3825076,1207004-SET,https://trfc.tw/temples/KaohsiungCity/niausung/1207004-SET
高雄廣玄宮,高雄市鳥松區仁美里水管路3之25號,高雄市,鳥松區,高雄廣玄宮,玄天上帝,道,1997,22.649707,120.383197,1207005-GXGXG,https://trfc.tw/temples/KaohsiungCity/niausung/1207005-GXGXG
玄天宮,高雄市彌陀區彌靖里中正西路114號,高雄市,彌陀區,玄天宮,玄天上帝,道,1956,22.78233099,120.247036,121702-XTG,https://trfc.tw/temples/KaohsiungCity/mituo/121702-XTG
玉虛穹北極殿,高雄市鼓山三路108之20號,高雄市,鼓山區,玉虛穹北極殿,玄天上帝,道,1976,22.661771,120.278256,64002006-YXQBJD,https://trfc.tw/temples/KaohsiungCity/gushan/64002006-YXQBJD
高馬北極殿,高雄市鼓山二路25巷26弄9號,高雄市,鼓山區,高馬北極殿,玄天上帝,道,1949,22.631112,120.28077,64002025-GMBJD,https://trfc.tw/temples/KaohsiungCity/gushan/64002025-GMBJD
財團法人高雄市廍後北極殿,高雄市海平路2號,高雄市,左營區,財團法人高雄市部後北極殿,玄天上帝,道,1719,22.684731,120.286634,64003003-BHBJD,https://trfc.tw/temples/KaohsiungCity/zuoying/64003003-BHBJD
左營元帝廟,高雄市左營下路87號,高雄市,左營區,左營元帝廟,玄天上帝,道,,22.686211,120.294497,64003004-ZYYDM,https://trfc.tw/temples/KaohsiungCity/zuoying/64003004-ZYYDM
新吉莊北極殿,高雄市新上街86號,高雄市,左營區,新吉莊北極殿,玄天上帝,道,1949,22.667978,120.310597,64003040-XJZBJD,https://trfc.tw/temples/KaohsiungCity/zuoying/64003040-XJZBJD
德玄宮,高雄市橋頭區德松里德松路29-1號,高雄市,橋頭區,德玄宮,玄天上帝,道,1972,22.76501879,120.305216,120917-DXG,https://trfc.tw/temples/KaohsiungCity/chiautou/120917-DXG
過田仔北極殿,高雄市興中二路18號,高雄市,苓雅區,過田仔北極殿,玄天上帝,道,1958,22.61504,120.302901,64008009-BJD,https://trfc.tw/temples/KaohsiungCity/lingya/64008009-BJD
北極金殿,高雄市林森二路50號,高雄市,苓雅區,北極金殿,玄天上帝,道,1962,22.617153,120.307823,64008018-BJJD,https://trfc.tw/temples/KaohsiungCity/lingya/64008018-BJJD
宸威殿,高雄市南華路127號,高雄市,新興區,宸威殿,玄天上帝,道,1952,22.633464,120.303111,64006020-CWD,https://trfc.tw/temples/KaohsiungCity/xinxing/64006020-CWD
高南北極殿,高雄市林森一路123巷30號,高雄市,新興區,高南北極殿,玄天上帝,道,1949,22.628461,120.303885,64006030-GNBJD,https://trfc.tw/temples/KaohsiungCity/xinxing/64006030-GNBJD
高案北極殿,高雄市大智路31號,高雄市,鹽埕區,高案北極殿,玄天上帝,,1960,22.620242,120.284746,64001011-GABJD,https://trfc.tw/temples/KaohsiungCity/yancheng/64001011-GABJD
北極殿,高雄市彌陀區彌仁里中正路9巷2號,高雄市,彌陀區,北極殿,玄天上帝,道,1972,22.78163798,120.248764,121702-BJD,https://trfc.tw/temples/KaohsiungCity/mituo/121702-BJD
鼎金北極殿,814高雄市仁武區大灣里仁雄路533號,高雄市,仁武區,,,,,22.672797555794595,120.33230335942565,,
樸子祖廟,高雄市內門區華山9之6號,高雄市,內門區,,真武大帝,道教,,23.008676,120.487516,,
蚵仔寮北極殿,高雄市梓官區智蚵里中正路108號,高雄市,梓官區,,玄天上帝,道教,,22.727847,120.257672,,
應菜龍北極殿,高雄市田寮區古亭里15鄰應菜龍8之1號,高雄市,田寮區,,玄天上帝,道教,,22.903692,120.409636,,
收圓甲仙廣玄宮,高雄市甲仙區大田里新興路67巷18-12號,高雄市,甲仙區,,北極真武老祖,道教,,23.073226,120.577586,,
真武金殿,807高雄市三民區鼎泰里民族一路638巷50弄17號,高雄市,三民區,,,,,22.660822136704894,120.31745704831282,,
